Unnamed: 0.1,Unnamed: 0,name,type,industry,monitization,selling_method,site_age_in_years,net_profit_in_dollar_per_month,price_in_dollars
0,0,holidaymojacar.com,Content,Travel,Ads,Site Age,11,Starting Price,398
1,1,FashionBirds.net,Content,Design and Style,Affiliate Sales,Site Age,1,Sold,350
2,2,headfordreams.com,Content,General Knowledge,Ads,Site Age,4,28 days left,50
3,3,Cannabis Sensei,Content,General Knowledge,Affiliate Sales,Site Age,3,Sold,3000
4,4,expertportals.com,Content,Business,Ads,Site Age,9,Starting Price,398
5,5,fumigegakkai.net,Content,Hobbies and Games,Ads,Site Age,2,Starting Price,498
6,6,The Feel Good Lifestyle,Content,Lifestyle,Affiliate Sales,Site Age,11,Sold,1000
7,7,Depression Cure,Content,Health and Beauty,Affiliate Sales,Site Age,3,9 days left,1000
8,8,RegionalFoodSolutions,Content,Food and Drink,Affiliate Sales,Site Age,1,Asking Price,500
9,9,Education Blog (U.S Flag) with 119 posts (88K++ words) Adsense & Affiliate Ready - START $1,Content,Education,Affiliate Sales,Site Age,1,25 days left,50
10,10,Online Shopping Freak,Content,Health and Beauty,Affiliate Sales,Site Age,8,Asking price,8000
11,11,sthock.com,Content,Automotive,Ads,Site Age,1,Sold,398
12,12,pharmatreasures.com,Content,Health and Beauty,Ads,Site Age,1,Asking Price,398
13,13,Coupons and Deals Blog with 65 posts (81K+ words) Adsense & Affiliate Ready - STARTS AT $1,Content,Internet,Affiliate Sales,Site Age,1,Sold,220
14,14,RussianHockeyFans.com,Content,Sports and Outdoor,,Site Age,13,Asking price,1499
15,15,MamaOnParade.com,Content,Health and Beauty,Ads,Site Age,4,Sold,360
16,16,smackrecipes.com,Content,Food and Drink,Affiliate Sales,Site Age,1,Sold,150
17,17,Tech Blog for Photography Education with 117 posts (90K++ words) Adsense & Affiliate Ready - START $1,Content,Education,Affiliate Sales,Site Age,1,26 days left,3
18,18,Mova Mail,Content,Entertainment,Affiliate Sales,Site Age,1,Sold,350
19,19,AttorneyItaly.com,Content,Business,Affiliate Sales,Site Age,10,Sold,2500
20,20,all pet care,Content,Home and Garden,Affiliate Sales,Site Age,2,Sold,400
21,21,Fishing Blog with 132 posts (126k++ words) Adsense & Affiliate Ready - STARTS AT $1,Content,Hobbies and Games,Affiliate Sales,Site Age,1,Sold,597
22,22,3afiyah.com,Content,Health and Beauty,Adsense,Site Age,2,Asking price,8000
23,23,tipsntoesmn.com,Content,Health and Beauty,Ads,Site Age,11,Sold,250
24,24,CarAcari.us,Content,Business,Ads,Site Age,2,Starting Price,598
25,25,Podcasting Guide ( Streampdx.com),Content,Entertainment,Ads,Site Age,6,18 days left,20
26,26,Common-Phobias.com,Content,Health and Beauty,Affiliate Sales,Site Age,15,Sold,999
27,27,The Flat Feet,Content,Sports and Outdoor,Affiliate Sales,Site Age,5,Asking price,650
28,28,cinematiqueonline.com,Content,Entertainment,Ads,Site Age,21,Asking Price,398
29,29,sewingmachinejudge.com,Content,Electronics,Affiliate Sales,Site Age,7,Sold,1450
30,30,Automotive Blog with 131 posts (141k+ words) Adsense & Affiliate Ready - START $1,Content,Automotive,Affiliate Sales,Site Age,1,Sold,200
31,31,whydomag,Content,General Knowledge,Ads,Site Age,2,Sold,450
32,32,Garden blog (Flower) with 122 posts (89k+ words) AdSense & Affiliate Ready - START AT $1,Content,Home and Garden,Affiliate Sales,Site Age,1,4 days left,100
33,33,dosthana.com,Content,Electronics,,Site Age,3,Asking price,8000
34,34,KeepFoodFresh.co,Content,Food and Drink,Ads,Site Age,1,Sold,350
35,35,Food Crazies,Content,Food and Drink,Ads,Site Age,2,Sold,299
36,36,CelebrityHomes.co,Content,Entertainment,Affiliate Sales,Site Age,2,Asking price,500
37,37,Poultry Facts,Content,General Knowledge,Affiliate Sales,Site Age,3,Asking price,2500
38,38,japponline.com,Content,Education,Ads,Site Age,9,Sold,348
39,39,kneepadshub.com,Content,Health and Beauty,Affiliate Sales,Site Age,1,Sold,150
40,40,mycoloringdrawings.com,Content,Design and Style,Ads,Site Age,1,12 days left,200
41,41,mybestshaver.com,Content,Electronics,Affiliate Sales,Site Age,8,Sold,1500
42,42,Dating Blog with 195 posts (153k+ words) AdSense and Affiliate Ready- STARTS AT $1,Content,Lifestyle,Affiliate Sales,Site Age,1,Asking price,305
43,43,mysocceraustralia.com,Content,Sports and Outdoor,Ads,Site Age,3,Sold,300
44,44,Bead Bugle,Content,Entertainment,Affiliate Sales,Site Age,1,Sold,250
45,45,welkvacations.com,Content,Travel,Ads,Site Age,17,Starting Price,398
46,46,aboutgyan.com,Content,General Knowledge,Affiliate Sales,Site Age,2,Asking price,400
47,47,Ad Preference,Content,Business,Affiliate Sales,Site Age,15,Asking price,1499
48,48,Music Blog with 111 posts (97k++ words) Adsense&Affiliate Ready- STARTS AT $1,Content,Entertainment,Affiliate Sales,Site Age,1,2 days left,200
49,49,LasVegasHotelCasinoDeals.com,Content,Travel,Affiliate Sales,Site Age,1,Asking price,49
50,50,Football Plazza,Content,Sports and Outdoor,Affiliate Sales,Site Age,3,Sold,299
51,51,CONFIDENTIAL,Content,Sports and Outdoor,Affiliate Sales,Site Age,22,Asking price,500000
52,52,wishesandgifts.com,Content,Entertainment,Ads,Site Age,19,Starting Price,398
53,53,Old School Gamers,Content,Hobbies and Games,Ads,Site Age,11,Sold,2000
54,54,Bamboo Pillow Reviews,Content,Home and Garden,Affiliate Sales,Site Age,6,Starting Price,500
55,55,Music Blog (Classic Music) with 103 posts (81k+ words) Adsense & Affiliate Ready-START AT $1,Content,Entertainment,Affiliate Sales,Site Age,1,14 days left,100
56,56,hindishayariwale.com,Content,Education,Ads,Site Age,2,Starting Price,398
57,57,collaborativefamilylawsandiego.com,Content,Lifestyle,Ads,Site Age,19,Sold,225
58,58,instablogs.net,Content,Internet,Adsense,Site Age,1,Asking price,8000
59,59,Romantic Poems,Content,Entertainment,Affiliate Sales,Site Age,23,Asking price,19999
60,60,BinnsGenealogy.com,Content,Lifestyle,Affiliate Sales,Site Age,17,Asking price,1990
61,61,wokguy,Content,Food and Drink,Affiliate Sales,Site Age,2,Sold,900
62,62,dopeletter.com,Content,Hobbies and Games,,Site Age,2,Asking price,8000
63,63,Height Improvement,Content,Health and Beauty,Affiliate Sales,Site Age,8,1 hour left,55
64,64,Confined To Success,Content,Health and Beauty,Affiliate Sales,Site Age,5,Sold,7000
65,65,AutomotiveDigitalMarketing.com,Content,Automotive,Affiliate Sales,Site Age,15,Asking price,8000
66,66,gate-maker.com,Content,Electronics,Ads,Site Age,14,Starting Price,398
67,67,Trending Who,Content,Entertainment,Affiliate Sales,Site Age,1,1 day left,100
68,68,Medical Wizards,Content,Health and Beauty,Affiliate Sales,Site Age,21,Asking price,4999
69,69,Chat-99.net,Content,Business,Ads,Site Age,14,Starting Price,398
70,70,MyGoodParenting,Content,Lifestyle,Ads,Site Age,11,Sold,135
71,71,BestTrailCameraReviews.org,Content,Electronics,Ads,Site Age,7,Starting Price,299
72,72,hobby-holics.com,Content,Home and Garden,Affiliate Sales,Site Age,5,Sold,101
73,73,DollPersianCat.com,Content,Home and Garden,Affiliate Sales,Site Age,1,12 hours left,200
74,74,gogrowgarden,Content,Home and Garden,Ads,Site Age,3,Sold,1000
75,75,FutboLife.info,Content,Sports and Outdoor,Affiliate Sales,Site Age,12,Sold,600
76,76,brandlanes.com,Content,Internet,Ads,Site Age,3,Sold,348
77,77,NailsRooms.com,Content,Health and Beauty,Ads,Site Age,4,Sold,399
78,78,Beauty Blog (Soap Making) with 139 posts (105k++ words) Adsense & Affiliate Ready - START $1,Content,Health and Beauty,Affiliate Sales,Site Age,1,27 days left,6
79,79,Sewing Fan,Content,Hobbies and Games,Affiliate Sales,Site Age,1,29 days left,5
80,80,HealthyWire.com,Content,Health and Beauty,Affiliate Sales,Site Age,20,Asking price,5500
81,81,ladyoutdoor,Content,Home and Garden,Affiliate Sales,Site Age,1,Sold,1100
82,82,math-learner.com,Content,Education,Affiliate Sales,Site Age,1,Sold,350
83,83,Experienced Gardening Blog with 70 posts (113k+ words) AdSense&Affiliate Ready - STARTS AT $1,Content,Home and Garden,Affiliate Sales,Site Age,1,Sold,597
84,84,pravelsolutions.com,Content,Internet,Ads,Site Age,10,Sold,350
85,85,Funnels Blog - Automated WordPress Affiliate Marketing Blog With Instant Google Indexing,Content,Internet,Affiliate Sales,Site Age,1,Sold,300
86,86,KitchenBaba.in,Content,Home and Garden,Affiliate Sales,Site Age,1,13 days left,18
87,87,dubaitop1.com,Content,Travel,Ads,Site Age,4,Starting Price,598
88,88,Create The Crypto,Content,Business,Affiliate Sales,Site Age,2,29 days left,50
89,89,Ten Fun Facts,Content,General Knowledge,Ads,Site Age,1,Sold,499
90,90,Healthy Workout,Content,Health and Beauty,Affiliate Sales,Site Age,1,Asking price,150
91,91,MolecularMining.com,Content,Business,,Site Age,23,Asking price,1999
92,92,OwlHowTo.com,Content,Internet,Affiliate Sales,Site Age,2,Asking price,8000
93,93,Hubpagespro,Content,Home and Garden,Ads,Site Age,1,Sold,150
94,94,x-drone.us,Content,Hobbies and Games,Ads,Site Age,4,Asking Price,398
95,95,HowASMR.com,Content,Lifestyle,Affiliate Sales,Site Age,1,Asking price,105
96,96,foda-dafo.com,Content,Business,Ads,Site Age,5,Starting Price,398
97,97,FitMoves.com,Content,Health and Beauty,Affiliate Sales,Site Age,22,Sold,999
98,98,cryogarden.com,Content,Hobbies and Games,Ads,Site Age,1,Asking Price,498
99,99,Next Chess Move Calculator,Content,Hobbies and Games,Ads,Site Age,1,Sold,1500
100,100,georgetowngwib.com,Content,Lifestyle,Ads,Site Age,14,Starting Price,398
101,101,Pet Blog (Dog's Training) with 105 posts (76K+ words) Adsense & Affiliate - STARTS $1,Content,Hobbies and Games,Affiliate Sales,Site Age,1,15 days left,130
102,102,KingPointPugs.com,Content,Home and Garden,Affiliate Sales,Site Age,1,1 day left,100
103,103,CampsitePlanning.com,Content,Sports and Outdoor,,Site Age,4,Asking price,5000
104,104,LeanBodies.net,Content,Health and Beauty,Affiliate Sales,Site Age,1,Asking price,260
105,105,Technologies Report,Content,General Knowledge,Affiliate Sales,Site Age,1,Sold,58
106,106,VideosCats.com,Content,Entertainment,Affiliate Sales,Site Age,1,Sold,250
107,107,yourguidebarcelona.com,Content,Travel,Affiliate Sales,Site Age,14,Starting Price,1000
108,108,GearsPie.com,Content,Home and Garden,Ads,Site Age,4,Asking Price,398
109,109,riflescopecenter.net,Content,Sports and Outdoor,Affiliate Sales,Site Age,9,Starting Price,1000
110,110,bapluoc.com,Content,Hobbies and Games,Ads,Site Age,1,Starting Price,398
111,111,howtomakehome.com,Content,Home and Garden,Adsense,Site Age,2,Asking price,8000
112,112,Best Blog Names,Content,Internet,Affiliate Sales,Site Age,3,Starting Price,250
113,113,FINANCIAL EMPIRES,Content,Business,Affiliate Sales,Site Age,1,Sold,2501
114,114,indicadoresmexico.com,Content,Business,Ads,Site Age,5,Starting Price,798
115,115,More Whine Please,Content,General Knowledge,Ads,Site Age,4,19 days left,50
116,116,Fishingrex.com,Content,Sports and Outdoor,Affiliate Sales,Site Age,5,Sold,1750
117,117,blackmoldremovalhd.com,Content,Home and Garden,Ads,Site Age,9,Starting Price,299
118,118,pushtry.com,Content,Internet,Affiliate Sales,Site Age,6, USD $-10 p/mo,5000
119,119,BOSS COUPLE WEDDINGS - 2 Year Old Wedding Services Website + Automated Blog,Content,Lifestyle,Service Subscription,Site Age,2,2 days left,25
120,120,DebtCredited.com,Content,Business,Affiliate Sales,Site Age,1,Asking Price,99
121,121,WavesChamp.com,Content,Sports and Outdoor,Affiliate Sales,Site Age,6,Sold,1350
122,122,TEFL Planet,Content,Travel,Affiliate Sales,Site Age,2,Asking price,1000
123,123,airriflecenter.com,Content,Sports and Outdoor,Affiliate Sales,Site Age,8,Starting Price,1250
124,124,KitchenThin.com,Content,Design and Style,Ads,Site Age,2,Sold,225
125,125,https://animalbaron.com/,Content,General Knowledge,Affiliate Sales,Site Age,1,Sold,200
126,126,African Photo Safari,Content,Travel,Affiliate Sales,Site Age,4,Sold,700
127,127,personaldevelopmentunlimited.com,Content,Education,Ads,Site Age,3,12 days left,33
128,128,SongLyricsOf.com,Content,Entertainment,Affiliate Sales,Site Age,1,Sold,330
129,129,prohealthdirect.com,Content,Health and Beauty,Affiliate Sales,Site Age,1,Sold,82
130,130,drama-snack-ed.com,Content,Entertainment,Ads,Site Age,3,Starting Price,598
131,131,Baseballcoaching.tips,Content,Sports and Outdoor,Affiliate Sales,Site Age,6,Sold,1500
132,132,Website SEO Tools,Content,Internet,Affiliate Sales,Site Age,1,Asking price,4000
133,133,CaptainHunter.com,Content,Sports and Outdoor,Affiliate Sales,Site Age,6,Sold,1500
134,134,fitnessupplement.com,Content,Health and Beauty,Affiliate Sales,Site Age,3,Sold,150
135,135,HugeTourTravel.com,Content,Travel,Affiliate Sales,Site Age,1,Sold,98
136,136,PetPawsHub.com,Content,Home and Garden,,Site Age,1,Asking price,8000
137,137,WoodworkingHelp.org,Content,Home and Garden,Affiliate Sales,Site Age,1,Asking price,210
138,138,yourpaintballhelp.com,Content,Sports and Outdoor,Affiliate Sales,Site Age,8,Starting Price,1000
139,139,cookafterme.com,Content,Food and Drink,Affiliate Sales,Site Age,5,Sold,2000
140,140,rideasf.com,Content,Sports and Outdoor,Affiliate Sales,Site Age,8,Starting Price,1000
141,141,Vegantasting.com- 100% Automated Vegan Blog with Massive Income Potential,Content,Food and Drink,Affiliate Sales,Site Age,1,Sold,125
142,142,electricsmokercenter.com,Content,Home and Garden,Affiliate Sales,Site Age,9,Starting Price,1250
143,143,Whistler Outfitters,Content,Travel,Affiliate Sales,Site Age,2,9 days left,155
144,144,ManiLove.net,Content,Travel,Ads,Site Age,2,Starting Price,398
145,145,Pet Blog (Pet Grooming) with 147 posts (107K+ words) Adsense & Affiliate Ready - START $1,Content,Home and Garden,Affiliate Sales,Site Age,1,9 days left,40
146,146,MotivationalHerald.com,Content,Lifestyle,Affiliate Sales,Site Age,1,Sold,39
147,147,Answer2You.com,Content,General Knowledge,Ads,Site Age,6,Starting Price,398
148,148,CelebritiesGlobe.com,Content,Entertainment,Ads,Site Age,1,Sold,110
149,149,topicandproduct.com,Content,Health and Beauty,Ads,Site Age,2,Asking price,6000
150,150,Scum Game Database,Content,Entertainment,Affiliate Sales,Site Age,2,Starting Price,1000
151,151,cryptomillenia.com,Content,Business,Ads,Site Age,4,Starting Price,398
152,152,Calcolatrice,Content,Internet,Affiliate Sales,Site Age,2,Sold,229
153,153,marietas-islands.net,Content,Business,Ads,Site Age,6,Starting Price,398
154,154,soyunlabrador.com,Content,Home and Garden,Ads,Site Age,1,Starting Price,398
155,155,trailngear.com,Content,Sports and Outdoor,Affiliate Sales,Site Age,5,7 days left,1250
156,156,Studio Ten Web Development,Content,Internet,Service Subscription,Site Age,11,Sold,600
157,157,Guinea Pig Site,Content,Home and Garden,Affiliate Sales,Site Age,2,22 days left,5
158,158,cardgamesplanet.com,Content,Hobbies and Games,Ads,Site Age,10,Asking price,6000
159,159,CASH ON INTERNET,Content,Business,Affiliate Sales,Site Age,1,Sold,100
160,160,Angola Forex,Content,Business,Affiliate Sales,Site Age,5,Asking price,8000
161,161,Unreal Earth,Content,Travel,Affiliate Sales,Site Age,4,Asking price,2900
162,162,FlowerGardening.net,Content,Home and Garden,Affiliate Sales,Site Age,1,Sold,375
163,163,coloringpagesanime.com,Content,Entertainment,Affiliate Sales,Site Age,1,Sold,250
164,164,kitchensstuff,Content,Home and Garden,Ads,Site Age,1, USD $-1 p/mo,590
165,165,Measurements1.com,Content,Entertainment,Ads,Site Age,2,Starting Price,398
166,166,redefineyourreality.com,Content,Health and Beauty,Affiliate Sales,Site Age,1,Sold,987
167,167,WineCellarSecrets.com,Content,Home and Garden,Affiliate Sales,Site Age,1,1 day left,400
168,168,sugarfreedesserttips.com,Content,Food and Drink,Affiliate Sales,Site Age,10,Sold,105
169,169,NutriciaBaby (233 Articles) + Pet Store ($10.000 Bonuses),Content,Health and Beauty,Ads,Site Age,2,Sold,145
170,170,Saunaofen Kaufen,Content,Health and Beauty,Affiliate Sales,Site Age,6,Asking Price,450
171,171,COFFEE STYLE TODAY,Content,Food and Drink,Affiliate Sales,Site Age,1,Sold,125
172,172,AllAboutHours.com,Content,General Knowledge,Ads,Site Age,1,Sold,399
173,173,The Pro Coin,Content,Business,Affiliate Sales,Site Age,2,Sold,525
174,174,Weekend Side Hustle,Content,Internet,Affiliate Sales,Site Age,2,Sold,400
175,175,PersonalInfoSecurity.com,Content,Internet,Affiliate Sales,Site Age,3, USD $-3 p/mo,550
176,176,BestQualityStrollers.com,Content,Lifestyle,Affiliate Sales,Site Age,1,12 hours left,120
177,177,GoKartsReview.com,Content,Sports and Outdoor,Affiliate Sales,Site Age,7,Starting Price,1000
178,178,Coffeesplace.com- Automated coffee Blog with Massive Income Potential,Content,Food and Drink,Affiliate Sales,Site Age,1,Sold,150
179,179,superchargerupgrades.com,Content,Automotive,Ads,Site Age,14,Starting Price,398
180,180,Disney Dreamlight Valley Wiki,Content,Hobbies and Games,Ads,Site Age,1, USD $-718 p/mo,500
181,181,Insuresguide.com,Content,Business,Affiliate Sales,Site Age,1, USD $-13 p/mo,500
182,182,paramo.org,Content,General Knowledge,,Site Age,2,Asking price,5000
183,183,PsoriasisDietPlan.Com,Content,Health and Beauty,,Site Age,10,Asking price,2500
184,184,Simplimba,Content,Education,Ads,Site Age,1, USD $-7 p/mo,50
185,185,Football or Bust,Content,Sports and Outdoor,Affiliate Sales,Site Age,1,28 days left,55
186,186,Q2 Mobile Phone News and Reviews,Content,Electronics,Ads,Site Age,1, USD $-8 p/mo,200
187,187,myveganstudio.com,Content,Lifestyle,,Site Age,2, USD $875 p/mo,5495
188,188,News in Italy,Content,General Knowledge,Affiliate Sales,Site Age,1,Sold,2500
189,189,Treadmill Monkey,Content,Health and Beauty,Affiliate Sales,Site Age,1,Sold,99
190,190,virtual-reality.life,Content,Hobbies and Games,,Site Age,4,Asking price,100
191,191,French Website Photography,Content,Electronics,Affiliate Sales,Site Age,1, EUR €-2 p/mo,25
192,192,ozgunmasallar.com,Content,Lifestyle,Ads,Site Age,1,Starting Price,398
193,193,What Themes That,Content,Internet,Affiliate Sales,Site Age,1,Asking price,12
194,194,sfgtechnology.com,Content,Education,Ads,Site Age,10,Starting Price,398
195,195,Chichester News,Content,Internet,Affiliate Sales,Site Age,6,Asking price,3500
196,196,myfelinehousemate,Content,General Knowledge,Affiliate Sales,Site Age,4, USD $-4 p/mo,150
197,197,quietmansion.com,Content,General Knowledge,,Site Age,1," USD $2,940 p/mo",5995
198,198,Sky Diving Planet,Content,Sports and Outdoor,Ads,Site Age,1,Sold,1100
199,199,aceecommservices.com,Content,Internet,Ads,Site Age,3,Starting Price,398
200,200,BestSmokersInfo.com,Content,Home and Garden,Affiliate Sales,Site Age,5,Starting Price,1000
201,201,TravelJourneyHub.com,Content,Travel,Affiliate Sales,Site Age,1,Sold,101
202,202,techiwiki.net,Content,Electronics,Ads,Site Age,7,Starting Price,398
203,203,yonderaustralia.com.au,Content,Travel,,Site Age,4,Asking price,5000
204,204,best-game-reviews.com,Content,Hobbies and Games,Ads,Site Age,1,Starting Price,498
205,205,Travelinflight.com,Content,Business,Affiliate Sales,Site Age,1,Sold,129
206,206,VintageGuitarMasters.com,Content,Entertainment,Affiliate Sales,Site Age,6,Starting Price,1000
207,207,aasem.org,Content,Health and Beauty,Ads,Site Age,7,Starting Price,398
208,208,Back Yard Now,Content,Home and Garden,Ads,Site Age,1,Asking price,599
209,209,YourDebtTips.com,Content,Business,Affiliate Sales,Site Age,1,Sold,169
210,210,edueventproject.com,Content,Electronics,Ads,Site Age,1,Asking Price,398
211,211,Recipes Mirror,Content,Food and Drink,Affiliate Sales,Site Age,1,Asking Price,100
212,212,yummijapanprinceton.com,Content,Food and Drink,Ads,Site Age,7,Starting Price,398
213,213,ShampooPoetry.com,Content,Entertainment,,Site Age,2,Asking price,7999
214,214,ChulavistaTacoCatering.com,Content,Food and Drink,Ads,Site Age,3,Starting Price,398
215,215,LoL Trend - 100% Automated League Of Legends Blog With Instant Google Indexing,Content,Hobbies and Games,Affiliate Sales,Site Age,1,Sold,300
216,216,SmokeInsights.com,Content,Health and Beauty,Affiliate Sales,Site Age,1,Sold,95
217,217,Hair Weaves Styles,Content,Health and Beauty,Affiliate Sales,Site Age,10,Asking price,100
218,218,mexicotravelbuddy.com,Content,Travel,,Site Age,2,Asking price,8000
219,219,travelrvlife.com,Content,Travel,Affiliate Sales,Site Age,5,Starting Price,1250
220,220,UndergroundDiet.com,Content,Health and Beauty,Affiliate Sales,Site Age,1,Sold,95
221,221,www.celebfashion.net,Content,Design and Style,Ads,Site Age,3,Asking price,1
222,222,FrontWires.com,Content,Entertainment,Ads,Site Age,1,1 day left,106
223,223,PhoneLatest.com,Content,Electronics,Affiliate Sales,Site Age,4,Asking price,1
224,224,futureshiny.com,Content,Business,Ads,Site Age,3,Starting Price,398
225,225,hemphelps.org,Content,Health and Beauty,,Site Age,9,Asking price,4995
226,226,Quonation.com,Content,Education,Ads,Site Age,2,Sold,600
227,227,the arabian cuisine,Content,Food and Drink,Affiliate Sales,Site Age,1,Sold,800
228,228,conemagazine.com,Content,Entertainment,,Site Age,8,Asking price,8000
229,229,weight-loss-center.net,Content,Health and Beauty,Ads,Site Age,19,Asking price,50000
230,230,OppCarInsurance.com,Content,Business,Affiliate Sales,Site Age,1,Sold,39
231,231,GuineaPigCareRevealed.com,Content,Home and Garden,Affiliate Sales,Site Age,1,Starting Price,1
232,232,Gameizz.com,Content,Entertainment,Affiliate Sales,Site Age,4,Asking price,8000
233,233,KitchenBarrels.com,Content,Home and Garden,Affiliate Sales,Site Age,1,Asking price,2790
234,234,FishingTipsPro.com,Content,Sports and Outdoor,Affiliate Sales,Site Age,1,Sold,109
235,235,Best Router Table Picks,Content,Home and Garden,Affiliate Sales,Site Age,7,Asking Price,350
236,236,TravelOffersPlace.com,Content,Travel,Affiliate Sales,Site Age,1,Sold,101
237,237,catch the rhythm,Content,General Knowledge,Ads,Site Age,1,Asking Price,100
238,238,All Crypto Coins,Content,Internet,Affiliate Sales,Site Age,1,Asking price,160
239,239,refundmyfees.com,Content,Lifestyle,Adsense,Site Age,2,Asking price,4500
240,240,EasyGuitarTutorials.com - Best Guitar Tutorials & Lessons,Content,Entertainment,Affiliate Sales,Site Age,1,Sold,129
241,241,dogspost.com,Content,Home and Garden,Affiliate Sales,Site Age,1,Sold,380
242,242,elraeeherbs.com,Content,Food and Drink,Ads,Site Age,2,Starting Price,398
243,243,TS Web Design - Helpwithyourwebsite.com,Content,Design and Style,Ads,Site Age,13,Asking price,8000
244,244,lamulamexicangrill.com,Content,Food and Drink,Ads,Site Age,1,Starting Price,398
245,245,everythinggaragereviews.com,Content,Home and Garden,Affiliate Sales,Site Age,4,Starting Price,1250
246,246,Spiders Wiki,Content,General Knowledge,Ads,Site Age,1,Sold,105
247,247,TravelOffersWorld.com,Content,Travel,Affiliate Sales,Site Age,1,Sold,101
248,248,all-about-writing-and-more.com,Content,Business,Ads,Site Age,1,Starting Price,398
249,249,vnspaandnails.com,Content,Health and Beauty,Ads,Site Age,9,Starting Price,398
250,250,OurCookingRecipes.com,Content,Food and Drink,Affiliate Sales,Site Age,1,Sold,100
251,251,hikingpursuits.com,Content,Sports and Outdoor,Affiliate Sales,Site Age,1,Sold,1299
252,252,typedeck.com,Content,Design and Style,,Site Age,11,Asking price,3000
253,253,Sun and Sea Salt,Content,Lifestyle,Affiliate Sales,Site Age,8,Asking Price,500
254,254,Hardcore Prawn Lawn,Content,Entertainment,Ads,Site Age,7,23 days left,10
255,255,Pocket Mobiles,Content,Electronics,Affiliate Sales,Site Age,2,Asking price,50
256,256,forextradingok.com,Content,Business,Affiliate Sales,Site Age,1,Sold,130
257,257,ComplianceNaturally.com,Content,Food and Drink,Ads,Site Age,4,Starting Price,398
258,258,The Rat Place,Content,General Knowledge,Affiliate Sales,Site Age,2,Sold,1050
259,259,Smart Affiliate Hub,Content,Internet,Affiliate Sales,Site Age,5,Asking price,8000
260,260,GetHostingDeals.com,Content,Internet,Affiliate Sales,Site Age,1,Sold,150
261,261,Cryptodya,Content,Business,Affiliate Sales,Site Age,2,Sold,200
262,262,GoldenRulesOfHabit.com,Content,Lifestyle,Affiliate Sales,Site Age,2,Starting Price,600
263,263,lakelandhillsseniorliving.com,Content,Business,Ads,Site Age,4,Starting Price,448
264,264,Gossipwhiz.com,Content,Entertainment,Affiliate Sales,Site Age,2,Asking price,8000
265,265,salarieswiki.com,Content,Business,Ads,Site Age,6,Starting Price,1350
266,266,We Review Edibles,Content,Food and Drink,Ads,Site Age,3,Starting Price,50
267,267,GainsMuscle.com,Content,Health and Beauty,Affiliate Sales,Site Age,5,Sold,250
268,268,watermatcher.com,Content,Home and Garden,Affiliate Sales,Site Age,4,Starting Price,1250
269,269,My Web Stats,Content,General Knowledge,Affiliate Sales,Site Age,1,Sold,4000
270,270,websiper.com,Content,Internet,Ads,Site Age,6,Starting Price,398
271,271,WildFoodWest.com (<1h left - Buy It Now bonus) - Outdoors recipes site & 100% affiliate ready,Content,Food and Drink,Affiliate Sales,Site Age,1,Sold,109
272,272,shavingsolution.net,Content,Electronics,Affiliate Sales,Site Age,6,Starting Price,1250
273,273,StrollerLegend,Content,Lifestyle,Ads,Site Age,1,Asking price,500
274,274,reviewvolleyballinstrument.com,Content,Sports and Outdoor,Affiliate Sales,Site Age,2,Asking price,800
275,275,BarcelonaEscape.com (1 day) | Travel guide & booking site,Content,Travel,Affiliate Sales,Site Age,1,Asking price,120
276,276,Daydreaming Wanderer,Content,Travel,Affiliate Sales,Site Age,1,Starting Price,500
277,277,BidMyth,Content,Hobbies and Games,Affiliate Sales,Site Age,11,Starting Price,700
278,278,Cleaner.info,Content,Home and Garden,,Site Age,4,Asking price,7999
279,279,bestdoubledinheadunit.net,Content,Automotive,Affiliate Sales,Site Age,7,Starting Price,1000
280,280,EaseTravelExplore.com,Content,Travel,Affiliate Sales,Site Age,1,Sold,101
281,281,6GlenAbbey.com,Content,Travel,Ads,Site Age,1,Starting Price,398
282,282,sixtyfourdegrees.com,Content,Hobbies and Games,Ads,Site Age,1,Asking price,350
283,283,ForexInspiration.com,Content,Business,Affiliate Sales,Site Age,1,Sold,99
284,284,Coffeeblogging.com- Automated coffee Blog with Massive Income Potential,Content,Food and Drink,Affiliate Sales,Site Age,1,Sold,250
285,285,cgiautomotive,Content,Automotive,Ads,Site Age,2,Sold,1000
286,286,goswim432.com,Content,Sports and Outdoor,Ads,Site Age,4,Starting Price,398
287,287,55000 Recipes,Content,Food and Drink,Affiliate Sales,Site Age,4,Asking price,299
288,288,TravelFlightDeals.com,Content,Travel,Affiliate Sales,Site Age,1,1 day left,50
289,289,P Plates,Content,Automotive,Affiliate Sales,Site Age,1, USD $-3 p/mo,250
290,290,Doesitrust.com,Content,General Knowledge,Affiliate Sales,Site Age,1,Starting Price,500
291,291,yetmusic.com,Content,Entertainment,Affiliate Sales,Site Age,1,Sold,127
292,292,TechnoWag.com - Google AdSense Aproved Starter Blog,Content,Electronics,Affiliate Sales,Site Age,1,Sold,300
293,293,fixitandfinish,Content,Home and Garden,Ads,Site Age,1,Sold,500
294,294,FatFellaz.com,Content,Health and Beauty,Affiliate Sales,Site Age,7,Sold,175
295,295,HotInternetMarketingTips.com,Content,Internet,Affiliate Sales,Site Age,1,Sold,129
296,296,Applet.app,Content,Internet,Ads,Site Age,8,Asking price,8000
297,297,Blognox,Content,Entertainment,Affiliate Sales,Site Age,7,Starting Price,100
298,298,SucculentHub,Content,Internet,Affiliate Sales,Site Age,1,Sold,2000
299,299,Security Media Wire,Content,Internet,Affiliate Sales,Site Age,2,Sold,179
300,300,New Earth Knowledge™,Content,Education,Ads,Site Age,3,Asking price,1111
301,301,Music-Channel24.com,Content,Entertainment,,Site Age,4,Asking price,2000
302,302,cyberdefensetactics.com,Content,Internet,Affiliate Sales,Site Age,1,Sold,250
303,303,www.OverHealthy.com,Content,Health and Beauty,Affiliate Sales,Site Age,1,Starting Price,500
304,304,TechnologyTopNews.com - Latest Tech News,Content,Electronics,Affiliate Sales,Site Age,1,Sold,99
305,305,LED DOGGO™,Ecommerce,Home and Garden,Dropship,Site Age,1,Sold,86
306,306,affiliatest.com,Content,Internet,Affiliate Sales,Site Age,1,Asking Price,127
307,307,Mental Remedies,Content,Lifestyle,Ads,Site Age,1, USD $-20 p/mo,2500
308,308,Biking Blog - 100% Unique Content | Organic Traffic | Monetization Ready,Content,Sports and Outdoor,Affiliate Sales,Site Age,1,Asking price,40
309,309,CryptocoinsTrend.com,Content,Business,Affiliate Sales,Site Age,1,2 days left,10
310,310,Survival Times,Content,Sports and Outdoor,Affiliate Sales,Site Age,4,Asking price,1499
311,311,Knock Off Time,Content,Entertainment,Ads,Site Age,3,Asking price,1399
312,312,t2shahid.com,Content,Entertainment,,Site Age,4,Asking price,7500
313,313,www.HealthWages.com,Content,Health and Beauty,Affiliate Sales,Site Age,1,Asking price,1
314,314,fromhometolove.com,Content,Home and Garden,Affiliate Sales,Site Age,1,Sold,130
315,315,Bizroids,Content,Internet,Affiliate Sales,Site Age,11,Asking Price,5
316,316,DailyCryptoGuides.com,Content,General Knowledge,Affiliate Sales,Site Age,1,Sold,110
317,317,Shoutnerd,Content,Internet,Affiliate Sales,Site Age,1,1 day left,200
318,318,CryptocurrencyResponse.com,Content,General Knowledge,Affiliate Sales,Site Age,1,Asking Price,109
319,319,GoldInvestmentProfit.com,Content,Business,Affiliate Sales,Site Age,1,15 days left,85
320,320,GymSupps.com Supplement Store Fitness Workout Gym Bodybuilding Website,Content,Health and Beauty,Affiliate Sales,Site Age,2,Asking price,1995
321,321,mybloghealth.com,Content,Health and Beauty,Affiliate Sales,Site Age,1,Asking Price,127
322,322,betmash.com,Content,Sports and Outdoor,,Site Age,3,Asking price,200
323,323,KetoAdviser.com,Content,Health and Beauty,Affiliate Sales,Site Age,1,Sold,130
324,324,5 y/o Content Website on Boxing and Martial Arts,Content,Sports and Outdoor,Affiliate Sales,Site Age,5,Sold,500
325,325,RecipeOcean.com,Content,Food and Drink,Affiliate Sales,Site Age,1,2 days left,95
326,326,Art of Natural Life,Content,Lifestyle,Affiliate Sales,Site Age,1,Sold,130
327,327,ThatCryptoNews.com - All Crypto News,Content,Business,Affiliate Sales,Site Age,1,Sold,115
328,328,Advocates Connection,Content,Business,Ads,Site Age,1,Asking price,7500
329,329,GolfingAccess.com,Content,Sports and Outdoor,Affiliate Sales,Site Age,1,Sold,320
330,330,besexuality.com,Content,Lifestyle,Affiliate Sales,Site Age,1,Sold,127
331,331,SmartHomeSecurityPro.com,Content,Home and Garden,Affiliate Sales,Site Age,1,Sold,129
332,332,RealEstateInvestmentAdvice.com,Content,Business,Affiliate Sales,Site Age,1,Sold,100
333,333,infosurvival.com,Content,General Knowledge,Affiliate Sales,Site Age,1,Sold,127
334,334,englishwithghazali.com,Content,Education,Ads,Site Age,2,Starting Price,398
335,335,homerich entrepreneurs,Content,Internet,Affiliate Sales,Site Age,2,Starting Price,150
336,336,Retirement Nut,Content,Business,Ads,Site Age,4,Starting Price,250
337,337,thewagyukl.com,Content,Food and Drink,Ads,Site Age,1,Starting Price,498
338,338,GreatCoffeeSpot.com,Content,Food and Drink,Affiliate Sales,Site Age,1,Sold,90
339,339,EaseTravelWorld.com,Content,Travel,Affiliate Sales,Site Age,1,Starting Price,97
340,340,NBASportNews.com,Content,Sports and Outdoor,Affiliate Sales,Site Age,1,Sold,119
341,341,Web3Cares.com,Content,Internet,Ads,Site Age,1,Asking Price,900
342,342,SecretGolfSkills.com,Content,Sports and Outdoor,Affiliate Sales,Site Age,1,Sold,129
343,343,EliteCampingPros.com,Content,Sports and Outdoor,Affiliate Sales,Site Age,1,Sold,85
344,344,Lady and a Blog,Content,Lifestyle,Affiliate Sales,Site Age,4,Sold,600
345,345,YourSpicyCoffee.com,Content,Food and Drink,Affiliate Sales,Site Age,1,Sold,100
346,346,Romantic4Ever,Content,Lifestyle,Affiliate Sales,Site Age,2,Asking price,1999
347,347,CryptocurrencyMode.com,Content,General Knowledge,Affiliate Sales,Site Age,1,Sold,100
348,348,Top Fives,Content,Entertainment,Ads,Site Age,1,9 hours left,505
349,349,Whatevercoach.com,Content,Education,Ads,Site Age,2,Starting Price,1
350,350,SimpleHomeSecurityTips.com,Content,Home and Garden,Affiliate Sales,Site Age,1,Asking Price,85
351,351,cycling-best.com,Content,Sports and Outdoor,Affiliate Sales,Site Age,1, USD $-61 p/mo,1000
352,352,CryptoerTribune.com,Content,General Knowledge,Affiliate Sales,Site Age,1,Sold,99
353,353,adedonha.info,Content,Hobbies and Games,Ads,Site Age,1,Starting Price,598
354,354,SmartDebtTips.com,Content,Business,Affiliate Sales,Site Age,1,Sold,100
355,355,bespirituality.com,Content,General Knowledge,Affiliate Sales,Site Age,1,Sold,120
356,356,bestnjfoods.com,Content,Food and Drink,Service Subscription,Site Age,8,Asking price,799
357,357,profoodblog.com,Content,Food and Drink,Affiliate Sales,Site Age,1,Sold,100
358,358,YouCanWorkout.com,Content,Health and Beauty,Affiliate Sales,Site Age,1,Sold,399
359,359,https://nftpixel.online/,Content,General Knowledge,Affiliate Sales,Site Age,1,Asking price,138
360,360,TopGamesOcean.com,Content,Hobbies and Games,Affiliate Sales,Site Age,1,Sold,90
361,361,Woman Built Home,Content,Home and Garden,Affiliate Sales,Site Age,2,Sold,147
362,362,SmokeWorldwide.com,Content,Lifestyle,Affiliate Sales,Site Age,1,Sold,250
363,363,HousingPeak.com,Content,Business,Affiliate Sales,Site Age,1,Sold,115
364,364,SpiritualRespond.com,Content,General Knowledge,Affiliate Sales,Site Age,1,Sold,100
365,365,VeganBestRecipes.com - Vegan Lifestyle & Recipes,Content,Food and Drink,Affiliate Sales,Site Age,1,Sold,129
366,366,BusinessMarketReport.com,Content,Business,Affiliate Sales,Site Age,1,18 days left,50
367,367,"Cryptosinmarkets.com - 100% TURN KEY Premium designed CRYPTO blog and affiliate website, , Fully Automated Posts , SEO Optimized",Content,Business,Affiliate Sales,Site Age,1,Sold,99
368,368,HomeBeerBrewingTips.com,Content,Food and Drink,Affiliate Sales,Site Age,1,Sold,119
369,369,MultiSportsNews.com,Content,Sports and Outdoor,Affiliate Sales,Site Age,1,Sold,150
370,370,SmartNutritionPros.com,Content,Health and Beauty,Affiliate Sales,Site Age,1,Sold,85
371,371,SportsAllNews.com,Content,Sports and Outdoor,Affiliate Sales,Site Age,1,Sold,109
372,372,DebtHelpInfo.com,Content,Business,Affiliate Sales,Site Age,1,Sold,149
373,373,marketingego.com,Content,Internet,Affiliate Sales,Site Age,1,Asking Price,127
374,374,Trailer Junki,Content,Entertainment,Affiliate Sales,Site Age,2,Asking price,100
375,375,kitchen amaze,Content,Food and Drink,Affiliate Sales,Site Age,2,Asking price,4999
376,376,RunSocial,Content,Sports and Outdoor,Affiliate Sales,Site Age,1, USD $-30 p/mo,6000
377,377,Honey Home,Content,Home and Garden,Affiliate Sales,Site Age,1,Sold,100
378,378,Trusted WHOIS Service + Pet Store ($10.000 Bonuses),Content,Internet,Ads,Site Age,1,Sold,75
379,379,UrlFun.com,Content,Internet,Affiliate Sales,Site Age,1,Sold,150
380,380,RecipeInnovations.com,Content,Food and Drink,Affiliate Sales,Site Age,1,Sold,95
381,381,FinanceNewsPress.com,Content,Business,Affiliate Sales,Site Age,1,18 days left,10
382,382,Grabmile.com,Content,Travel,Affiliate Sales,Site Age,1,Asking price,799
383,383,EvolvingGaming.com,Content,Hobbies and Games,Affiliate Sales,Site Age,1,Sold,135
384,384,BestFishingZone.com,Content,Sports and Outdoor,Affiliate Sales,Site Age,1,Sold,99
385,385,InteriorRules.com,Content,Home and Garden,Affiliate Sales,Site Age,1,Sold,120
386,386,businessyet.com,Content,Business,Affiliate Sales,Site Age,1,Asking Price,127
387,387,DA 50+ Adsense/Amazon 10$ Website -  Done for you - Ultimate Guide 2023,Content,Entertainment,Affiliate Sales,Site Age,1,Sold,59
388,388,RealEstateInvestTips.com,Content,Business,Affiliate Sales,Site Age,1,Sold,85
389,389,WeightNotes.com,Content,Health and Beauty,Affiliate Sales,Site Age,1,Sold,500
390,390,MySmoothieChef.com,Content,Food and Drink,Affiliate Sales,Site Age,1,Sold,118
391,391,RealEstatesInvest.com,Content,Business,Affiliate Sales,Site Age,1,Sold,129
392,392,JobsAnswers.com,Content,Business,Affiliate Sales,Site Age,1,Sold,109
393,393,PrimeFinanceTips.com,Content,Business,Affiliate Sales,Site Age,1,Sold,70
394,394,The Wealth Review,Content,Business,Affiliate Sales,Site Age,1,Sold,255
395,395,Doggies Point,Content,Home and Garden,Affiliate Sales,Site Age,1,Asking price,55
396,396,SurvivalistAdvice.com,Content,Sports and Outdoor,Affiliate Sales,Site Age,1,Sold,85
397,397,ForexEarningTips.com,Content,Business,Affiliate Sales,Site Age,1,Sold,85
398,398,bitcoinnewsguide.com,Content,General Knowledge,Affiliate Sales,Site Age,1,Asking price,119
399,399,dogokey.com,Content,Lifestyle,Affiliate Sales,Site Age,1,Asking Price,127
400,400,NimbleGolfer.com,Content,Sports and Outdoor,Affiliate Sales,Site Age,1,Sold,118
401,401,1 year old Online money making blog site with more then 41+ keyword rich article,Content,Internet,Affiliate Sales,Site Age,1,Asking price,104
402,402,TutorialBeauty.com,Content,Health and Beauty,Affiliate Sales,Site Age,1,Sold,129
403,403,Businesinc.com,Content,Entertainment,Affiliate Sales,Site Age,2,Sold,2800
404,404,TodaysRealEstateTips.com,Content,Business,Affiliate Sales,Site Age,1,Sold,100
405,405,Legis Video,Content,General Knowledge,Affiliate Sales,Site Age,2,Asking price,1199
406,406,TodayOilNews.com,Content,Business,Affiliate Sales,Site Age,1,18 days left,1
407,407,Keto For Daily Life,Content,Health and Beauty,Affiliate Sales,Site Age,1,Sold,36
408,408,Jeep vehicles talk,Content,Automotive,Affiliate Sales,Site Age,1,Starting Price,1500
409,409,oksavemoney.com,Content,Business,Affiliate Sales,Site Age,1,Starting Price,127
410,410,urprojectidea.com,Content,Business,Affiliate Sales,Site Age,2,Asking price,1000
411,411,TechPrimePro.com,Content,Electronics,Affiliate Sales,Site Age,1,Sold,100
412,412,FinanceAdvicePoint.com,Content,Business,Affiliate Sales,Site Age,1,Sold,99
413,413,https://biospedia.com/,Content,Entertainment,Affiliate Sales,Site Age,1,Sold,1300
414,414,XYZ Proxy,Content,Internet,Affiliate Sales,Site Age,2,Asking Price,100
415,415,AreTheySelfMade.com,Content,Internet,Affiliate Sales,Site Age,1, USD $-13 p/mo,200
416,416,KetoGuidance.com,Content,Health and Beauty,Affiliate Sales,Site Age,1,Sold,110
417,417,gamingmet.com,Content,Hobbies and Games,Affiliate Sales,Site Age,1,Sold,110
418,418,www.TipsHi.com,Content,Health and Beauty,Affiliate Sales,Site Age,1,Asking price,1
419,419,NewsinCelebrity.com,Content,General Knowledge,Affiliate Sales,Site Age,1,18 days left,16
420,420,FastRealEstateProfit.com,Content,Business,Affiliate Sales,Site Age,1,Sold,109
421,421,NewsForSports.com,Content,General Knowledge,Affiliate Sales,Site Age,1,18 days left,25
422,422,fenomenovni.com,Content,Hobbies and Games,Ads,Site Age,1,Starting Price,398
423,423,LiveAtAnewApartments.com,Content,Business,Ads,Site Age,3,Starting Price,398
424,424,GamingEon.com,Content,Hobbies and Games,Affiliate Sales,Site Age,1,Sold,118
425,425,DogTrainingAdviser.com,Content,Home and Garden,Affiliate Sales,Site Age,1,Sold,149
426,426,GamingAndNews.com - Latest Gaming News,Content,Hobbies and Games,Affiliate Sales,Site Age,1,Sold,129
427,427,SmokeAssistant.com,Content,Health and Beauty,Affiliate Sales,Site Age,1,1 day left,105
428,428,DatingBoulevard.com,Content,Lifestyle,Affiliate Sales,Site Age,1,Sold,115
429,429,AshleyMoon.net,Content,Health and Beauty,Ads,Site Age,1,Starting Price,398
430,430,GetSlimThin.com,Content,Health and Beauty,Affiliate Sales,Site Age,2,Sold,280
431,431,www.Leaded.org,Content,General Knowledge,Affiliate Sales,Site Age,1,Asking price,1
432,432,Tripsideas.com,Content,Travel,Affiliate Sales,Site Age,1,Sold,105
433,433,buygooglenewsapproved.com,Content,General Knowledge,,Site Age,5,Asking price,2500
434,434,GolfingNetworks.com,Content,Sports and Outdoor,Affiliate Sales,Site Age,1,Sold,280
435,435,JustDatingTips.com,Content,Lifestyle,Affiliate Sales,Site Age,1,Sold,75
436,436,SeoApproaches.com,Content,Internet,Affiliate Sales,Site Age,1,Sold,250
437,437,NiceGardener.com,Content,Home and Garden,Affiliate Sales,Site Age,1,Sold,95
438,438,iJobsCareers.com,Content,Education,Ads,Site Age,2,Asking price,1
439,439,Subscription Addict,Content,Internet,Affiliate Sales,Site Age,3,Asking price,1999
440,440,eso-armory.com,Content,Hobbies and Games,Ads,Site Age,3,Starting Price,398
441,441,FavoriteElectronic.com,Content,Electronics,Affiliate Sales,Site Age,1,Sold,120
442,442,MyComfyCamping.com,Content,Sports and Outdoor,Affiliate Sales,Site Age,1,Sold,118
443,443,BitcoinNewsInvest.com - Bitcoin & Crypto News,Content,Business,Affiliate Sales,Site Age,1,Sold,129
444,444,FunDatingAdvice.com,Content,Lifestyle,Affiliate Sales,Site Age,1,Sold,129
445,445,FreshStockTips.com,Content,Business,Affiliate Sales,Site Age,1,Sold,70
446,446,TravellerTrips.com,Content,Travel,Affiliate Sales,Site Age,1,Sold,147
447,447,www.informativation.com,Content,Business,Affiliate Sales,Site Age,1,Asking price,5000
448,448,AutomobileNewsonline.com | Automotive News| Beginner Friendly Starter website | Cars & Truck,Content,Automotive,Affiliate Sales,Site Age,1,Sold,150
449,449,InvestingLiveNews.com,Content,Business,Affiliate Sales,Site Age,1,Sold,129
450,450,MotorElements.com,Content,Automotive,Affiliate Sales,Site Age,1,Sold,320
451,451,HomeBestDecor.com,Content,Home and Garden,Affiliate Sales,Site Age,1,Sold,89
452,452,RecipeConcepts.com,Content,Food and Drink,Affiliate Sales,Site Age,1,Sold,320
453,453,HowLatest.com,Content,General Knowledge,Affiliate Sales,Site Age,1,Asking price,1
454,454,FineWineTips.com,Content,Food and Drink,Affiliate Sales,Site Age,1,Sold,129
455,455,BoundlessCash.com,Content,Business,Affiliate Sales,Site Age,1,Starting Price,95
456,456,VeganAllRecipes.com,Content,Food and Drink,Affiliate Sales,Site Age,1,Sold,129
457,457,hue-expert.com,Content,Electronics,Affiliate Sales,Site Age,6,Asking Price,750
458,458,hairsalonparkerco.com,Content,Health and Beauty,Ads,Site Age,4,Starting Price,398
459,459,LastCyberTech.com,Content,Electronics,Affiliate Sales,Site Age,1,Asking price,99
460,460,https://realrawnews.co.uk/,Content,Entertainment,Affiliate Sales,Site Age,2,Sold,2000
461,461,animaljam-pc.com,Content,Hobbies and Games,Ads,Site Age,2,Starting Price,398
462,462,TourTravelers.com,Content,Travel,Affiliate Sales,Site Age,1,Sold,99
463,463,QuickTravelTips.com,Content,Travel,Affiliate Sales,Site Age,1,Starting Price,85
464,464,ProLoveLife.com,Content,Lifestyle,Affiliate Sales,Site Age,1,Sold,300
465,465,Art Of Passive,Content,Education,Ads,Site Age,1, USD $-18 p/mo,150
466,466,TravelsEngine.com,Content,Travel,Affiliate Sales,Site Age,1,Sold,197
467,467,DecorHomeTips.com - Home Decor & Interior design Tips,Content,Home and Garden,Affiliate Sales,Site Age,1,Sold,129
468,468,techaradar.com,Content,Electronics,Affiliate Sales,Site Age,1,Starting Price,127
469,469,SkillfulGolfer.com,Content,Sports and Outdoor,Affiliate Sales,Site Age,1,Sold,120
470,470,MoneyEarnEasy.com,Content,Business,Affiliate Sales,Site Age,1,Sold,320
471,471,ThePianoTutorial.com,Content,Entertainment,Affiliate Sales,Site Age,1,Sold,89
472,472,beautygot.com,Content,Health and Beauty,Affiliate Sales,Site Age,1,Asking Price,117
473,473,ImpressiveDiet.com,Content,Health and Beauty,Affiliate Sales,Site Age,1,Sold,105
474,474,Google adsense approved and amazon affiliate website Geedone.com,Content,Hobbies and Games,Affiliate Sales,Site Age,1,Sold,505
475,475,Hows My Clan,Content,Hobbies and Games,Ads,Site Age,4,Asking price,360
476,476,MotivationalWish.com,Content,Health and Beauty,Affiliate Sales,Site Age,1,Sold,99
477,477,"Old aged DR 11 health & Fitness niche Blog site . with google web stories, and 66 articles written. Google adsense approved",Content,Health and Beauty,Affiliate Sales,Site Age,1,Asking price,50
478,478,Smart Spending Strategies,Content,Business,Affiliate Sales,Site Age,1,Sold,399
479,479,Socotra Island,Content,Travel,Ads,Site Age,1,Asking Price,1000
480,480,YourLovelyCats.com,Content,Home and Garden,Affiliate Sales,Site Age,1,Sold,100
481,481,BestAromaCoffee.com,Content,Food and Drink,Affiliate Sales,Site Age,1,Sold,200
482,482,aliveholistically.com,Content,Health and Beauty,Affiliate Sales,Site Age,1,Asking price,219
483,483,hispirituality.com,Content,General Knowledge,Affiliate Sales,Site Age,1,Sold,100
484,484,SmokeMogul.com,Content,Lifestyle,Affiliate Sales,Site Age,1,Sold,95
485,485,nolaflushing.com,Content,Hobbies and Games,Ads,Site Age,2,Starting Price,398
486,486,Cupids Health,Content,Health and Beauty,Affiliate Sales,Site Age,1,Asking price,8000
487,487,Best Dog Camera,Content,Home and Garden,Affiliate Sales,Site Age,1,Asking price,230
488,488,MegaTravelDeals.com,Content,Travel,Affiliate Sales,Site Age,1,Sold,147
489,489,outdoorlo.com,Content,Sports and Outdoor,Affiliate Sales,Site Age,1,Asking Price,127
490,490,MentallyLife | Self-Mental Care Blog,Content,Health and Beauty,Affiliate Sales,Site Age,1,Asking price,100
491,491,InternetMarketingSuccessPro.com,Content,Internet,Affiliate Sales,Site Age,1,Starting Price,75
492,492,GoPetsCare.com,Content,Home and Garden,Affiliate Sales,Site Age,1,Starting Price,99
493,493,autogir.com,Content,Automotive,Affiliate Sales,Site Age,1,Asking price,127
494,494,vikingroast,Content,Food and Drink,Affiliate Sales,Site Age,1,Sold,230
495,495,traveluga.com,Content,Travel,Affiliate Sales,Site Age,1,Starting Price,127
496,496,DatingLegacy.com,Content,Lifestyle,Affiliate Sales,Site Age,1,Sold,320
497,497,iCoupons,Content,Internet,Affiliate Sales,Site Age,1,Asking Price,99
498,498,BLACK FRIDAY SPECIAL - PaidSurveyIncome.com,Content,Internet,Affiliate Sales,Site Age,1,Sold,233
499,499,Act on Camera.com,Content,Entertainment,Affiliate Sales,Site Age,2,Starting Price,1
500,500,PLANIDEALHOME | HOME-HOUSES DECOR,Content,Home and Garden,Affiliate Sales,Site Age,1,4 days left,50
501,501,"LeafyAlive | Green Living,Self-Care Blog",Content,Health and Beauty,Affiliate Sales,Site Age,1,Sold,200
502,502,fixcarinsurance.com,Content,Automotive,Affiliate Sales,Site Age,1,Starting Price,127
503,503,A Cute Dog dot com - Starter Blog - Beautiful Dog Blog with 100% Unique Content,Content,Lifestyle,Affiliate Sales,Site Age,1,22 days left,50
504,504,vitospizzabargrill.com,Content,Food and Drink,Ads,Site Age,2,Starting Price,398
505,505,BikingMountains,Content,Sports and Outdoor,Affiliate Sales,Site Age,1,Sold,75
506,506,CarsLatestNews.com,Content,Automotive,Affiliate Sales,Site Age,1,Sold,89
507,507,www.HighFear.com,Content,Health and Beauty,Affiliate Sales,Site Age,1,Asking Price,400
508,508,Love daily horoscopes,Content,Lifestyle,Affiliate Sales,Site Age,1,10 days left,175
509,509,lunchideasforkids.com,Content,Food and Drink,Affiliate Sales,Site Age,14,Starting Price,50
510,510,"TravelsToTheWorld | Travling Tips,Blog,Destination",Content,Travel,Affiliate Sales,Site Age,1,Sold,200
511,511,FashionTipsNews.com,Content,Design and Style,Affiliate Sales,Site Age,1,Sold,99
512,512,wishforex.com,Content,Business,Affiliate Sales,Site Age,1,Sold,100
513,513,CryptooCoin.com,Content,Business,Affiliate Sales,Site Age,1,20 days left,120
514,514,Internet Make Money For Beginners,Content,Education,Affiliate Sales,Site Age,2,Starting Price,100
515,515,Assicurazione LTD,Content,Business,Affiliate Sales,Site Age,1,Asking price,6551
516,516,YesToVegan.com,Content,Lifestyle,Affiliate Sales,Site Age,1,Starting Price,99
517,517,Task Govern | Productivity Blog,Content,Business,Affiliate Sales,Site Age,1,Asking price,1
518,518,www.CareersGoals.com,Content,Lifestyle,Affiliate Sales,Site Age,1,Asking price,1
519,519,Travelansa.com,Content,Travel,Affiliate Sales,Site Age,1,Asking price,990
520,520,balazspocze.me,Content,Electronics,Ads,Site Age,1,Starting Price,398
521,521,Naturalhomeremediesdiy.com,Content,Health and Beauty,Ads,Site Age,1,Asking price,8000
522,522,bestbodybeauty.com,Content,Health and Beauty,Affiliate Sales,Site Age,1,Asking price,105
523,523,DecorTopics.com,Content,Home and Garden,Affiliate Sales,Site Age,1,11 days left,60
524,524,GentleHunter.com,Content,Sports and Outdoor,Affiliate Sales,Site Age,1,Asking price,99
525,525,BesteKorting.com,Content,Internet,Affiliate Sales,Site Age,1,Asking Price,106
526,526,PetsNotebook.com,Content,Home and Garden,Affiliate Sales,Site Age,1,Sold,800
527,527,goodmomlife.com,Content,Lifestyle,Affiliate Sales,Site Age,1,Sold,169
528,528,CoffeeSpotHub.com,Content,Food and Drink,Affiliate Sales,Site Age,1,Starting Price,89
529,529,TravellerssGuide.com,Content,Travel,Affiliate Sales,Site Age,1,Starting Price,10
530,530,2022 CLEARANCE | ProductivePermaculture.com,Content,Home and Garden,Affiliate Sales,Site Age,1,Asking price,197
531,531,RVNwire,Content,Internet,Affiliate Sales,Site Age,1,Asking price,2497
532,532,ExercisesTips.com,Content,Health and Beauty,Affiliate Sales,Site Age,1,Sold,210
533,533,Garden Blog | LivinginGarden.com & ThePatioGarden.com,Content,Home and Garden,Affiliate Sales,Site Age,1,Sold,250
534,534,superman-comics.com domain name,Content,Entertainment,Affiliate Sales,Site Age,16, EUR €-4 p/mo,533
535,535,Numerology-Spiritual Awakening,Content,Health and Beauty,Affiliate Sales,Site Age,1,18 days left,50
536,536,proguidehome.com,Content,Home and Garden,Affiliate Sales,Site Age,1,Starting Price,127
537,537,IdeaPlumbing.com,Content,Home and Garden,Affiliate Sales,Site Age,1,Asking price,1
538,538,LAST CALL | Numerology-Spiritual | SoulFulAwake,Content,Health and Beauty,Affiliate Sales,Site Age,1,Sold,219
539,539,EasyRelation.com,Content,Health and Beauty,Affiliate Sales,Site Age,1,11 days left,10
540,540,fortyfiveplus.club,Content,Health and Beauty,Affiliate Sales,Site Age,2,Asking price,7999
541,541,TheScienceLatest.com - Latest Science news,Content,General Knowledge,Affiliate Sales,Site Age,1,Starting Price,99
542,542,CookingRecipesEasy.com,Content,Food and Drink,Affiliate Sales,Site Age,1,Sold,129
543,543,realestateve.com,Content,Business,Affiliate Sales,Site Age,1,Asking price,127
544,544,AsianNoodleTogo.com,Content,Food and Drink,Ads,Site Age,2,Starting Price,398
545,545,helpsexuality.com,Content,Lifestyle,Affiliate Sales,Site Age,1,Starting Price,127
546,546,FreePSDPoint.com,Content,Design and Style,,Site Age,5,Asking price,500
547,547,Premium Aadhar card  Blog information site +  7 more aadhar related premium domain included,Content,Education,Ads,Site Age,1,Asking price,60
548,548,MySurvivalPro.com,Content,Sports and Outdoor,Affiliate Sales,Site Age,1,Starting Price,85
549,549,NorthwestConeyIsland.com,Content,Travel,Ads,Site Age,1,Starting Price,398
550,550,dharanirtp.com,Content,Food and Drink,Ads,Site Age,2,Starting Price,398
551,551,DoFix.org,Content,Education,Ads,Site Age,1,Asking price,1
552,552,Type of Diet,Content,Food and Drink,Affiliate Sales,Site Age,1,Sold,138
553,553,museekhub.com,Content,Entertainment,Ads,Site Age,1,Starting Price,398
554,554,SurvivorHints.com,Content,Sports and Outdoor,Affiliate Sales,Site Age,1,Asking price,117
555,555,BusinessNewsNotice.com,Content,Business,Affiliate Sales,Site Age,1,Sold,129
556,556,allpetloversinfo.com,Content,Home and Garden,Ads,Site Age,2,3 days left,115
557,557,CelebrateIdea.com,Content,Lifestyle,Affiliate Sales,Site Age,1,Sold,950
558,558,seodigitalcontent.com,Content,Internet,Affiliate Sales,Site Age,1,Sold,250
559,559,The Tom Tech,Content,Education,Ads,Site Age,1,Sold,125
560,560,VehiclesTips.com,Content,Automotive,Affiliate Sales,Site Age,1,Sold,300
561,561,Live Healthy Journey,Content,Health and Beauty,Affiliate Sales,Site Age,1,Asking Price,199
562,562,GamesWarriors.com,Content,Hobbies and Games,Ads,Site Age,1,Asking price,1
563,563,FitnessInto.com,Content,Health and Beauty,Affiliate Sales,Site Age,1,Sold,225
564,564,FitnessBlogPro.com,Content,Health and Beauty,Affiliate Sales,Site Age,1,Starting Price,1
565,565,TechnologyLiveNews.com,Content,Electronics,Affiliate Sales,Site Age,1,Sold,99
566,566,www.YogaHealths.com,Content,Health and Beauty,Affiliate Sales,Site Age,1,Sold,375
567,567,MinimalistWays | Minimalism Blog | Last Call,Content,Health and Beauty,Affiliate Sales,Site Age,1,Sold,199
568,568,TravelFuns.com,Content,Travel,Affiliate Sales,Site Age,1,Sold,280
569,569,affinitytampa.com,Content,Travel,Ads,Site Age,2,Starting Price,398
570,570,ExpertForexAdvice.com,Content,Business,Affiliate Sales,Site Age,1,Starting Price,85
571,571,FoodsHelp.com,Content,Food and Drink,Affiliate Sales,Site Age,1,Asking price,1
572,572,wemakecareer.com,Content,Business,Affiliate Sales,Site Age,1,Starting Price,127
573,573,GuideTopics.com,Content,Education,Ads,Site Age,1,Asking Price,250
574,574,AdmirePets.com,Content,Home and Garden,Affiliate Sales,Site Age,1,Asking price,117
575,575,MindtoHealth.com,Content,Health and Beauty,Affiliate Sales,Site Age,1,Sold,220
576,576,ExplodeFitness.com,Content,Health and Beauty,Affiliate Sales,Site Age,1,Starting Price,95
577,577,fitnessmirage.com,Content,Health and Beauty,,Site Age,2,Asking price,1000
578,578,HomebrewMadeEasy.com,Content,Food and Drink,Affiliate Sales,Site Age,1,Starting Price,75
579,579,ShopBrokeBaddies.com,Content,Design and Style,Ads,Site Age,2,Starting Price,398
580,580,FitnessFlicker.com,Content,Health and Beauty,Affiliate Sales,Site Age,1,Asking price,118
581,581,www.ra-w.com,Content,Design and Style,Ads,Site Age,1,Asking price,1
582,582,www.TopHealthIdea.com,Content,Health and Beauty,Affiliate Sales,Site Age,1,Asking price,1
583,583,FitnessTipsGuide.com,Content,Health and Beauty,Affiliate Sales,Site Age,1,Sold,89
584,584,tripmust.com,Content,Travel,Affiliate Sales,Site Age,1,Asking Price,127
585,585,beautiesguru.com,Content,Health and Beauty,Affiliate Sales,Site Age,1,Asking price,199
586,586,Clubephytus.com,Content,Food and Drink,Ads,Site Age,1,7 days left,190
587,587,ToTravelGuide.com,Content,Travel,Affiliate Sales,Site Age,1,Sold,129
588,588,aboutbras.com,Content,Design and Style,,Site Age,1,Asking price,2500
589,589,2022 CLEARANCE | TravellingInTheNewNormal.com,Content,Travel,Affiliate Sales,Site Age,1,Asking price,149
590,590,LovedKitty.com,Content,Home and Garden,Affiliate Sales,Site Age,1,Asking price,118
591,591,CryptocurrencyGears.com,Content,General Knowledge,Affiliate Sales,Site Age,1,Asking Price,109
592,592,fashionwhy.com,Content,Design and Style,Affiliate Sales,Site Age,1,Asking Price,109
593,593,FullTasty.com,Content,Food and Drink,Affiliate Sales,Site Age,1,Starting Price,99
594,594,"DELICIOUS CUT | FOOD,RECIPES,HOME COOK BLOG FOR SALE",Content,Food and Drink,Affiliate Sales,Site Age,1,12 days left,5
595,595,EasyParentingAdvice.com,Content,Lifestyle,Affiliate Sales,Site Age,1,Starting Price,85
596,596,paradisepiercings.com,Content,Design and Style,Ads,Site Age,2,Starting Price,398
597,597,CelebrityDispatch.com,Content,Entertainment,Affiliate Sales,Site Age,1,Starting Price,99
598,598,MyAgileDogs.com,Content,Home and Garden,Affiliate Sales,Site Age,1,Asking price,117
599,599,beautyofsoul.com,Content,General Knowledge,,Site Age,5,Asking price,7900
600,600,CASINOS.md Blog. Not monetized.,Content,Hobbies and Games,Ads,Site Age,1,Sold,250
601,601,ITS WELLNESS PATH | HEALTH & WELLNESS,Content,Lifestyle,Affiliate Sales,Site Age,1,Sold,199
602,602,CookingAmbitions.com,Content,Food and Drink,Affiliate Sales,Site Age,1,Asking price,99
603,603,YourFitnessDream.com,Content,Health and Beauty,Affiliate Sales,Site Age,1,Asking price,99
604,604,tudou.co.uk,Content,Design and Style,,Site Age,8,Asking price,4000
605,605,FarmingAbout.com,Content,Home and Garden,Affiliate Sales,Site Age,1,Sold,700
606,606,2022 CLEARANCE | EssentialFamilyWellness.com,Content,Lifestyle,Affiliate Sales,Site Age,1,Sold,200
607,607,mostgarden.com,Content,Home and Garden,Affiliate Sales,Site Age,1,Starting Price,127
608,608,AboutMyFish.com,Content,Home and Garden,Affiliate Sales,Site Age,1,Asking price,800
609,609,AntiAgingPaths.com,Content,Health and Beauty,Affiliate Sales,Site Age,1,Sold,148
610,610,greenandgardening.com,Content,Home and Garden,Affiliate Sales,Site Age,1,Sold,169
611,611,Echo Deco,Content,Design and Style,Ads,Site Age,5,Asking price,4688
612,612,Accurate authors,Content,Education,Service Subscription,Site Age,3,Asking Price,1800
613,613,mindscontrol.com,Content,Lifestyle,,Site Age,2,Asking price,8000
614,614,MuscleDominationTips.com,Content,Health and Beauty,Affiliate Sales,Site Age,1,Sold,158
615,615,CryptoNewsCrash.com,Content,General Knowledge,Affiliate Sales,Site Age,1,Asking price,100
616,616,Auto Spod,Content,Automotive,Affiliate Sales,Site Age,1,Sold,350
617,617,AUTUMN FLASH SALE | TravelIntentionally.com,Content,Travel,Affiliate Sales,Site Age,1,Sold,179
618,618,InvestingRealEstates.com - Real Estate Investing Guide & Tips,Content,Business,Affiliate Sales,Site Age,1,Starting Price,99
619,619,WeightlossDesire.com,Content,Health and Beauty,Affiliate Sales,Site Age,1,Asking price,99
620,620,thebelovedtravel.com,Content,Travel,Affiliate Sales,Site Age,1,Sold,299
621,621,4ktablets,Content,Electronics,Affiliate Sales,Site Age,1,Asking price,4000
622,622,gamersfacts.com,Content,Hobbies and Games,,Site Age,1,Sold,100
623,623,ecobou.com,Content,Lifestyle,,Site Age,2,Asking price,5000
624,624,gamblinglike.com,Content,Hobbies and Games,Affiliate Sales,Site Age,1,Starting Price,127
625,625,shavesupplies.com,Content,Health and Beauty,,Site Age,2,Asking price,5500
626,626,underneathskincare.net,Content,Lifestyle,,Site Age,2,Asking price,2500
627,627,Football Answers,Content,Sports and Outdoor,Ads,Site Age,1,Sold,110
628,628,meateurope.com,Content,Travel,Affiliate Sales,Site Age,1,Sold,150
629,629,Better You Tomorrow,Content,Business,Affiliate Sales,Site Age,1,Sold,399
630,630,fansportnews.com,Content,Sports and Outdoor,Affiliate Sales,Site Age,1,Starting Price,109
631,631,"Plan, Write, GO",Content,Business,Service Subscription,Site Age,2,Sold,4000
632,632,OutdoorGrills.info,Content,Sports and Outdoor,,Site Age,2,Asking price,89
633,633,LIMITED TIME OFFER | EasyCapsuleWardrobe.com,Content,Lifestyle,Affiliate Sales,Site Age,2,Asking price,599
634,634,Cobra Brothers,Content,Entertainment,Affiliate Sales,Site Age,1,Starting Price,4000
635,635,tastytrainer.com,Content,Health and Beauty,Affiliate Sales,Site Age,6,Asking price,1250
636,636,emicalculator.io,Content,Business,,Site Age,2,Asking price,10000
637,637,QuietLifeTime.com | MINDFULL-WELLNESS SITE | LAST CALL,Content,Health and Beauty,Affiliate Sales,Site Age,1,Sold,220
638,638,al-arabic-songs.top,Content,Entertainment,,Site Age,5,Asking price,1
639,639,GlamourPeeks | Beauty-Skin Care Blog ON SALE For 199$,Content,Health and Beauty,Affiliate Sales,Site Age,1,Sold,199
640,640,JobsPositions.com,Content,Business,Affiliate Sales,Site Age,1,Starting Price,1
641,641,jobstricks.com,Content,Business,,Site Age,1,Sold,115
642,642,Photography Bae,Content,Design and Style,Ads,Site Age,1,Asking Price,1
643,643,I am selling a bundle of sites I call the Crypto Currency Bundle of 3 sites,Content,Internet,Affiliate Sales,Site Age,1, USD $-100 p/mo,1000
644,644,musclesexercise.com,Content,Health and Beauty,Affiliate Sales,Site Age,1,Sold,350
645,645,GolfMasterPros.com,Content,Sports and Outdoor,Affiliate Sales,Site Age,1,Starting Price,75
646,646,Tasty Food Recipe,Content,Food and Drink,Affiliate Sales,Site Age,1,Asking price,140
647,647,All NFT Space,Content,General Knowledge,Affiliate Sales,Site Age,1,Starting Price,500
648,648,BreweryFancier.com,Content,Food and Drink,Affiliate Sales,Site Age,1,Asking price,99
649,649,QuickRealEstateTips.com,Content,Business,Affiliate Sales,Site Age,1,Starting Price,85
650,650,CoolJuicing.com,Content,Health and Beauty,,Site Age,1,Sold,197
651,651,netnftnews.com,Content,Internet,Affiliate Sales,Site Age,1,Starting Price,109
652,652,"promoxic.com - Coupon site with 12000 stores,12000 coupons, amazon products",Content,Internet,Affiliate Sales,Site Age,1,Asking price,549
653,653,24LogoDesign.com,Content,Internet,,Site Age,2,Asking price,99
654,654,creditwhen.com,Content,Business,Affiliate Sales,Site Age,1,Starting Price,127
655,655,purecbd.solutions,Content,Health and Beauty,,Site Age,2,Asking price,1500
656,656,cuzitslife.com,Content,Sports and Outdoor,Affiliate Sales,Site Age,1,Asking Price,100
657,657,MentorWealthy.com,Content,Business,Affiliate Sales,Site Age,1,Asking price,99
658,658,Aged website in Sports niche as a starter site,Content,Sports and Outdoor,Affiliate Sales,Site Age,5,Starting Price,500
659,659,UnfoundBeauty.com,Content,Health and Beauty,Affiliate Sales,Site Age,1,Starting Price,99
660,660,NationalFirearmsAct.com (NFA) Includes Website and .COM / .NET / .ORG Domains,Content,Sports and Outdoor,Ads,Site Age,3,Starting Price,100
661,661,healthtact.com,Blog,Health and Beauty,,Site Age,2,Asking price,20000
662,662,BestPrinters.info,Content,Electronics,,Site Age,2,Asking price,59
663,663,sportsnewsfacts.com,Content,Sports and Outdoor,,Site Age,1,Sold,99
664,664,Top Choice Dog,Content,Internet,Affiliate Sales,Site Age,3,Asking price,500
665,665,TechNewsClick.com,Content,Electronics,Affiliate Sales,Site Age,1,Asking price,99
666,666,BrainwavePlus.com,Content,Health and Beauty,Affiliate Sales,Site Age,1,7 days left,65
667,667,BestKitchenTools.info,Content,Home and Garden,,Site Age,2,Asking price,89
668,668,kitchenstrategist.com,Content,Food and Drink,Affiliate Sales,Site Age,1,Asking price,5000
669,669,MineTrips.com,Content,Travel,Affiliate Sales,Site Age,1,Sold,127
670,670,HEALTH & WELLNESS | SeasonalHealthAndLiving.com,Content,Lifestyle,Affiliate Sales,Site Age,1,Sold,299
671,671,cryptonyz.com - Auto Pilot Video Site with crypto news for sale - Money making machine,Content,Business,Affiliate Sales,Site Age,1,Asking price,249
672,672,mistercybersecurity.com,Content,Internet,Affiliate Sales,Site Age,1,Starting Price,127
673,673,2022 CLEARANCE | EatMoreMindfully.com,Content,Lifestyle,Affiliate Sales,Site Age,1,Asking price,197
674,674,Shop Market Splash,Content,Business,Affiliate Sales,Site Age,1,Sold,135
675,675,HomeBaristaRecipes.com,Content,Food and Drink,Affiliate Sales,Site Age,1,Asking price,149
676,676,inafamaolekyouth.org,Content,Travel,Ads,Site Age,1,Starting Price,498
677,677,Legal Steroids Bodybuilding,Content,Health and Beauty,Affiliate Sales,Site Age,6,Asking price,8000
678,678,nixthesuit.com,Content,Business,,Site Age,2,Asking price,5000
679,679,NutrientSynergy.com,Content,Food and Drink,Ads,Site Age,1,Starting Price,200
680,680,Limosophy.com,Content,Business,Affiliate Sales,Site Age,1,Starting Price,559
681,681,Hay Travels,Content,Travel,,Site Age,1,Sold,147
682,682,Best Kettles USA,Content,Home and Garden,Affiliate Sales,Site Age,1,Asking price,500
683,683,goodhealththaimassage.com,Content,Health and Beauty,,Site Age,5,Asking price,400
684,684,DietPathways.com,Content,Health and Beauty,Affiliate Sales,Site Age,1,3 days left,60
685,685,urlshrt.com,Content,Internet,,Site Age,1,Sold,90
686,686,oreostation.com,Content,Entertainment,Ads,Site Age,1,Sold,200
687,687,Healthy Exercise,Content,Health and Beauty,Affiliate Sales,Site Age,1,Asking price,140
688,688,takemoremoney.com,Content,Business,Affiliate Sales,Site Age,1,Sold,149
689,689,FinanceHubIdeas.com,Content,Business,Affiliate Sales,Site Age,1,Starting Price,98
690,690,cryptoupon.com,Content,Internet,Affiliate Sales,Site Age,1,Starting Price,109
691,691,Scorpio Source,Content,Entertainment,Affiliate Sales,Site Age,1,Asking price,197
692,692,cinenia.com,Content,Entertainment,Ads,Site Age,1,Sold,130
693,693,EverythingCoffeeFlour.com,Content,Food and Drink,Affiliate Sales,Site Age,6, USD $-1 p/mo,1000
694,694,2022 CLEARANCE | NourishYourGarden.com,Content,Home and Garden,Affiliate Sales,Site Age,1,Sold,197
695,695,GiftDeals.info,Content,Home and Garden,,Site Age,2,Asking price,89
696,696,gamingbe.com,Content,Hobbies and Games,Affiliate Sales,Site Age,1,Starting Price,109
697,697,SelfLoveAndLife | Self-Mental Care Blog,Content,Health and Beauty,Affiliate Sales,Site Age,1,Sold,219
698,698,foodcookhealthy.com,Content,Food and Drink,Affiliate Sales,Site Age,2,Asking price,1500
699,699,TheSEOSkill.com,Content,Internet,Affiliate Sales,Site Age,1,Asking price,250
700,700,funnyjokes.net,Content,Entertainment,,Site Age,2,Asking price,2500
701,701,zoolindo.com,Content,Business,,Site Age,3,Asking price,5000
702,702,bestfitguide.com,Content,Health and Beauty,Affiliate Sales,Site Age,1,Asking price,150
703,703,BestOfOrganic.xyz,Content,Food and Drink,,Site Age,2,Asking price,59
704,704,checkdns.live,SaaS,Internet,Affiliate Sales,Site Age,1,Sold,150
705,705,TheBark.info,Content,Home and Garden,,Site Age,2,Asking price,89
706,706,bitcoinyz.com is a 100% automatic site with video bitcoin news. With such a site you can earn tens of thousands of dollars if you do smart marketing.,Content,Business,Affiliate Sales,Site Age,1,Asking price,219
707,707,SewingBro.com,Content,Home and Garden,Ads,Site Age,1,Asking Price,450
708,708,recipesis.com - Auto Pilot Video Site with video recipes & food for sale - Money making machine!,Content,Food and Drink,Affiliate Sales,Site Age,1,Asking price,210
709,709,fashion.com.vc,Content,Design and Style,,Site Age,1,Asking price,995
710,710,LIMITED TIME OFFER | GrowFoodForAYear.com,Content,Home and Garden,Affiliate Sales,Site Age,1,Asking price,599
711,711,Academia lion,Content,Education,Service Subscription,Site Age,2,Asking Price,1800
712,712,NewsLatest.site,Content,General Knowledge,,Site Age,2,Asking price,89
713,713,Vigeeks,Content,General Knowledge,Affiliate Sales,Site Age,3,Asking price,2500
714,714,speaker-news.info,Content,Entertainment,,Site Age,1,Asking price,8000
715,715,MakeMoney101.xyz,Content,Business,,Site Age,2,Asking price,75
716,716,HealthyRemedies.xyz,Content,Health and Beauty,,Site Age,2,Asking price,75
717,717,seascooterfun.com,Content,Sports and Outdoor,,Site Age,2,Asking price,399
718,718,Snowbomb.com,Content,Sports and Outdoor,Affiliate Sales,Site Age,1,Asking price,3000
719,719,sports.com.vc,Content,Sports and Outdoor,,Site Age,1,Asking price,1940
720,720,OrganicToday.co,Content,Food and Drink,,Site Age,2,Asking price,70
721,721,Tourspiration,Content,Travel,Affiliate Sales,Site Age,2,Asking price,5000
722,722,petscaremart.com,Content,Home and Garden,,Site Age,2,Asking price,2499
723,723,culturebe.com,Content,General Knowledge,Affiliate Sales,Site Age,1,Starting Price,109
724,724,Beauty Totally,Content,Health and Beauty,Affiliate Sales,Site Age,1,Asking price,1
725,725,musyg.com - Auto Pilot Video Site with music news for sale - Money making machine!,Content,Entertainment,Affiliate Sales,Site Age,1,Asking price,259
726,726,strongpersonalfinance.com,Content,Lifestyle,Affiliate Sales,Site Age,1,Sold,209
727,727,carnieandtheherb.com,Content,Food and Drink,,Site Age,5,Asking price,3000
728,728,droneproskills.com,Content,Electronics,,Site Age,4,Asking price,2500
729,729,Beyond our beliefs,Content,Lifestyle,Affiliate Sales,Site Age,1,Asking Price,10
730,730,GardeningTipsForYou.com,Content,Home and Garden,Affiliate Sales,Site Age,1,Starting Price,99
731,731,dietsforall.com,Content,Health and Beauty,,Site Age,3,Asking price,6000
732,732,leggingssport.com,Content,Business,,Site Age,4,Asking price,400
733,733,securityask.com,Content,Internet,Affiliate Sales,Site Age,1,Starting Price,109
734,734,SurvivalBestTips.com,Content,Sports and Outdoor,Affiliate Sales,Site Age,1,Asking Price,99
735,735,iviralnews.com,Content,General Knowledge,,Site Age,1,Sold,99
736,736,fitnessequipmentsite.com,Content,Health and Beauty,,Site Age,3,Asking price,8000
737,737,travelzyx.com - Auto Pilot Video Site with travel news for sale - Money making machine,Content,Travel,Affiliate Sales,Site Age,1,Asking price,249
738,738,KneesCentral.com,Content,Health and Beauty,Affiliate Sales,Site Age,1, USD $-99 p/mo,2000
739,739,marasiil.com,Content,General Knowledge,Ads,Site Age,1,Asking price,550
740,740,Fitness and Stretching,Content,Health and Beauty,Affiliate Sales,Site Age,1,Sold,128
741,741,techticc.com,Content,Electronics,,Site Age,2,Asking price,150
742,742,MediterraneanDiets.co,Content,Food and Drink,,Site Age,2,Asking price,70
743,743,refurbishedcomputers.us,Content,Electronics,,Site Age,2,Asking price,300
744,744,Our Keto Site,Content,Health and Beauty,Affiliate Sales,Site Age,2,Asking price,750
745,745,Selfcarecraze,Content,Health and Beauty,Affiliate Sales,Site Age,1,Sold,1200
746,746,WeddingDJCentral.com,Content,Entertainment,Affiliate Sales,Site Age,3,Asking price,3400
747,747,cars.gq,Blog,Automotive,,Site Age,3,Asking price,15000
748,748,free-startups.com,Content,Business,,Site Age,2,Asking price,5000
749,749,lifewithalcoholics.com,Content,Lifestyle,Ads,Site Age,1,Asking price,547
750,750,footballtraining.com,Content,Sports and Outdoor,,Site Age,5,Asking price,7000
751,751,swap.cards,Content,Business,,Site Age,2,Asking price,3999
752,752,thefuturefeed.com,Content,General Knowledge,,Site Age,3,Asking price,2500
753,753,balkongames.com,Content,Hobbies and Games,Ads,Site Age,1,Starting Price,398
754,754,CONFIDENTIAL,Content,Internet,,Site Age,4,Asking price,8000
755,755,BigManGrill.com,Content,Home and Garden,Affiliate Sales,Site Age,1,Asking price,800
756,756,drjoexplains.com,Content,Health and Beauty,,Site Age,7,Asking price,1500
757,757,HEALTH & WELLNESS | ThePlantBasedBae.com,Content,Food and Drink,Affiliate Sales,Site Age,1,Sold,150
758,758,YourBeautyTrend.com,Content,Health and Beauty,Affiliate Sales,Site Age,1,Asking price,99
759,759,Alcohol Rehab Savannah Georgia Website,Content,Health and Beauty,Affiliate Sales,Site Age,1,Asking Price,2000
760,760,nft-yz.com - Auto Pilot Video Site with NFT news for sale - Money making machine,Content,Business,Affiliate Sales,Site Age,1,Asking price,219
761,761,guideto30.com,Content,Lifestyle,,Site Age,5,Asking price,850
762,762,Rentbikenyc.net,Content,Sports and Outdoor,Affiliate Sales,Site Age,3,Asking Price,200
763,763,the-streets.co.uk,Content,Design and Style,,Site Age,1,Asking price,8000
764,764,twenty3.biz,Content,Sports and Outdoor,,Site Age,4,Asking price,550
765,765,cutestatus.in,Content,Entertainment,,Site Age,3,Asking price,600
766,766,FiggerOut,Service,Business,Affiliate Sales,Site Age,1,Asking price,5
767,767,Gun Holster,Content,General Knowledge,Affiliate Sales,Site Age,1,Asking price,8000
768,768,cannabisjoin.com,Content,Lifestyle,Affiliate Sales,Site Age,1,Starting Price,109
769,769,BestReviewed.info,Content,Home and Garden,,Site Age,2,Asking price,89
770,770,climatewell.org,Content,General Knowledge,,Site Age,4,Asking price,3000
771,771,Internet Make Money Online Courses,Content,Education,Ads,Site Age,4,Asking price,250
772,772,coronavirusepicenter.com,Content,Health and Beauty,,Site Age,2,Asking price,99
773,773,barkplanet.org,Content,Home and Garden,,Site Age,2,Asking price,3000
774,774,allbeautytips24.com,Content,Health and Beauty,Ads,Site Age,3,Asking price,195
775,775,esltech.org,Content,Internet,Affiliate Sales,Site Age,1,Sold,700
776,776,themeboo.com,Content,Business,,Site Age,3,Asking price,499
777,777,traveltotable.com,Content,Travel,,Site Age,2,Asking price,3000
778,778,Social Proof,Content,Internet,Affiliate Sales,Site Age,1,Sold,25
779,779,suppwow.com,Content,Health and Beauty,,Site Age,2,Asking price,1600
780,780,TradeDime.com,Content,Business,Ads,Site Age,1, USD $-12 p/mo,400
781,781,Chainpunks.com - Network of 10+ Crypto News Sites,Content,Business,Ads,Site Age,1,Asking Price,1
782,782,SeoGuides.xyz,Content,Internet,,Site Age,2,Asking price,69
783,783,OffGridInsider.com,Content,Lifestyle,Affiliate Sales,Site Age,1,Starting Price,40
784,784,2022 CLEARANCE | MentalPhysicalWellbeing.com,Content,Health and Beauty,Affiliate Sales,Site Age,1,Sold,200
785,785,allmakemoneytips.com,Content,Internet,Ads,Site Age,1,Sold,289
786,786,foundenist.com,Content,Business,,Site Age,3,Asking price,1900
787,787,AllAboutOffGrid.com,Content,Home and Garden,Affiliate Sales,Site Age,1,Asking Price,40
788,788,Protein365.com,Content,Health and Beauty,Affiliate Sales,Site Age,2,Starting Price,1
789,789,worldhealthytraveltips.com,Content,Travel,Ads,Site Age,1,Asking price,149
790,790,The Hamilton Hotel,Content,Travel,Affiliate Sales,Site Age,2,Starting Price,499
791,791,insightshots.com,Content,General Knowledge,,Site Age,3,Asking price,2500
792,792,Website Flipping for Profit,Content,Internet,Affiliate Sales,Site Age,1,Sold,550
793,793,How Celebs Met,Content,Lifestyle,Ads,Site Age,2,Asking price,7500
794,794,Tai Lopez Social Media Marketing Agency,Content,Education,Affiliate Sales,Site Age,1,Asking Price,20
795,795,Your Lovely Self,Content,Health and Beauty,Ads,Site Age,1,Asking price,7000
796,796,Travelwayfarer,Content,Travel,Affiliate Sales,Site Age,1,Asking price,100
797,797,FitnessCare.info,Content,Health and Beauty,,Site Age,2,Asking price,70
798,798,healthyhealthinfo.com,Content,Health and Beauty,Ads,Site Age,1,Asking price,199
799,799,HealthCureLife.com,Content,Health and Beauty,,Site Age,1,Asking price,2500
800,800,allcovidinfo.com,Content,General Knowledge,,Site Age,2,Asking price,2410
801,801,topicsmore.com,Content,Business,,Site Age,1,Asking price,4000
802,802,bullbearcircus.com,Content,Business,Affiliate Sales,Site Age,2,Asking price,1500
803,803,indinode.me,Content,Internet,,Site Age,4,Asking price,20000
804,804,Organic&Natural Living,Content,Lifestyle,Affiliate Sales,Site Age,2,Asking price,700
805,805,Engagement Photo Poses,Content,Lifestyle,Affiliate Sales,Site Age,1,Asking Price,700
806,806,mybip.com,Blog,Internet,,Site Age,2,Asking price,35000
807,807,cornersbakery.com,Content,Food and Drink,,Site Age,2,Asking price,60000
808,808,Marvelmasters.com,Content,Entertainment,Affiliate Sales,Site Age,1,Starting Price,7425
809,809,sportmylife.com,Content,Health and Beauty,Affiliate Sales,Site Age,1,Asking price,390
810,810,harmonyfirst.org,Content,Lifestyle,,Site Age,2,Asking price,1000
811,811,EatTravelThink.com,Content,Travel,,Site Age,1,Asking price,295
812,812,AsiaTravelAround.com,Content,Travel,Affiliate Sales,Site Age,1,Asking Price,99
813,813,www.Inspiredtogolf.com,Content,Sports and Outdoor,Ads,Site Age,1,Starting Price,1
814,814,Corporate Mum Life,Content,Lifestyle,Affiliate Sales,Site Age,1,Asking Price,100
815,815,covid19tips.org,Content,Health and Beauty,,Site Age,2,Asking price,1500
816,816,ESPNcricinfo.ae,Content,Sports and Outdoor,Affiliate Sales,Site Age,1,Starting Price,1000
817,817,archwellfoundation.co.uk,Content,Entertainment,,Site Age,2,Asking price,20000
818,818,hardseltzerguide.com,Content,Food and Drink,,Site Age,2,Asking price,7000
819,819,nftsyz.com - Auto Pilot Video Site with NFT news for sale - Money making machine,Content,Business,Affiliate Sales,Site Age,1, USD $-50 p/mo,239
820,820,20sos.co.uk,Content,Lifestyle,,Site Age,2,Asking price,3000
821,821,The Items Review,Content,Home and Garden,Affiliate Sales,Site Age,2,Asking price,2500
822,822,freedomclippers.com,Content,Health and Beauty,,Site Age,2,Asking price,1000
823,823,blackbeautyblogs.com,Content,Health and Beauty,,Site Age,2,Asking price,8000
824,824,cryponder.com,Content,General Knowledge,,Site Age,1,Asking price,7000
825,825,Follow Tips Org,Content,Internet,Ads,Site Age,1,Starting Price,200
826,826,thehowtomakekombutcha.com,Content,Food and Drink,,Site Age,4,Asking price,2500
827,827,Abudhabiwatchclub.com,Content,Design and Style,Ads,Site Age,1,Asking Price,50
828,828,Bowling Ball Game,Content,Sports and Outdoor,Affiliate Sales,Site Age,1,Starting Price,30
829,829,vexful.com,Content,Sports and Outdoor,,Site Age,3,Asking price,6000
830,830,Recipeinfoguide.com,Content,Food and Drink,Affiliate Sales,Site Age,1,Starting Price,99
831,831,eyeballinblog.com,Content,Lifestyle,,Site Age,1,Asking price,2900
832,832,"Vanity Stories, LLC",Content,Health and Beauty,Affiliate Sales,Site Age,1, USD $-100 p/mo,8000
833,833,soldion-line.com,Content,Business,,Site Age,2,Asking price,8000
834,834,doggem.org,Content,General Knowledge,,Site Age,2,Asking price,6000
835,835,bolly4u.monster,Content,Entertainment,,Site Age,4,Asking price,1250
836,836,trusted-whispers.com,Content,General Knowledge,,Site Age,3,Asking price,4000
837,837,Build a Better Twitch/Youtube/TikTok Stream,Content,Internet,Affiliate Sales,Site Age,5,Starting Price,175
838,838,ruffroads.com,Content,Travel,,Site Age,2,Asking price,2500
839,839,energywld.com,Content,General Knowledge,,Site Age,2,Asking price,2850
840,840,sunrisenow.net,Blog,Education,,Site Age,3,Asking price,3500
841,841,thebestdressedmanintheroom.com,Content,,,Site Age,7,Asking price,1
842,842,bananaproject.org,Content,Lifestyle,,Site Age,1,Asking price,3000
843,843,bypto.com,Content,Internet,,Site Age,2,Asking price,5000
844,844,bookbod.com,Content,Entertainment,,Site Age,3,Asking price,200
845,845,francofollie.com,Content,Education,,Site Age,2,Asking price,350
846,846,This is a perfect website for affiliate marketing and blogging,Content,Business,Affiliate Sales,Site Age,1,Asking price,1
847,847,shopassist.digital,Blog,Lifestyle,,Site Age,3,Asking price,30000
848,848,Wtgif.com,Content,Entertainment,Affiliate Sales,Site Age,1,Starting Price,2500
849,849,botsneaks.com,Content,Design and Style,,Site Age,1,Asking price,2500
850,850,postudion.com,Content,Internet,Affiliate Sales,Site Age,1,Asking price,250
851,851,pixey fashion,Content,Lifestyle,Affiliate Sales,Site Age,1,Asking price,2500
852,852,dezirezfulfilled.in,Content,Entertainment,,Site Age,2,Asking price,5000
853,853,NFT Newbie,Content,General Knowledge,Affiliate Sales,Site Age,1, USD $-2 p/mo,350
854,854,thefabdigest.com,Content,Lifestyle,,Site Age,3,Asking price,5000
855,855,bestgolferzone.com,Content,Sports and Outdoor,,Site Age,4,Asking price,1200
856,856,bloggingoffice.com,Content,Business,,Site Age,2,Asking price,8000
857,857,Health From Kitchen,Content,Health and Beauty,Affiliate Sales,Site Age,1,Starting Price,179
858,858,lifetimecreate.com,Content,General Knowledge,,Site Age,1,Asking price,700
859,859,Amazon Affiliate Blog with 34 Articles (25K Words),Content,Internet,Affiliate Sales,Site Age,1,Asking Price,200
860,860,tiktakhouses.com,Content,Education,,Site Age,3,Asking price,3000
861,861,stadiasentry.com,Content,Hobbies and Games,,Site Age,3,Asking price,50
862,862,spanishpartners.com,Content,Education,,Site Age,4,Asking price,19999
863,863,Your Bra Size Calculator,Content,Lifestyle,Affiliate Sales,Site Age,1,Starting Price,100
864,864,pilotinchina.com,Content,Education,,Site Age,4,Asking price,1000
865,865,wealthcoachnearme.com,Content,Business,,Site Age,2,Asking price,5000
866,866,InJacket.com,Content,Lifestyle,Affiliate Sales,Site Age,1,Starting Price,300
867,867,thepakistan.xyz,Content,Education,,Site Age,2,Asking price,1000
868,868,nerly-wise.com,Content,Business,,Site Age,2,Asking price,8000
869,869,appleshub.com,Content,Electronics,,Site Age,3,Asking price,350
870,870,empowerproductivity.com,Content,General Knowledge,,Site Age,1,Asking price,4000
871,871,bestfitnesssecrets.com,Content,Health and Beauty,Ads,Site Age,1,Asking price,289
872,872,mordenwoman.com,Content,Lifestyle,,Site Age,2,Asking price,200
873,873,healthymencooking.com,Content,Food and Drink,,Site Age,3,Asking price,1500
874,874,escapetovancouver.com,Content,Travel,,Site Age,2,Asking price,200
875,875,crispyopinion.com,Content,Education,,Site Age,2,Asking price,7800
876,876,thedoomsdaily.com,Content,General Knowledge,,Site Age,2,Asking price,1000
877,877,gamedaynation.com,Content,Sports and Outdoor,,Site Age,3,Asking price,7999
878,878,winerywiz.com,Content,Food and Drink,,Site Age,6,Asking price,10000
879,879,hindimebest.in,Content,Education,Ads,Site Age,2,Asking price,650
880,880,hackamongus.com,Content,Hobbies and Games,,Site Age,2,Asking price,25000
881,881,healthi5.com,Content,Health and Beauty,,Site Age,2,Asking price,8000
882,882,iphone 14 specifications,Content,Electronics,Ads,Site Age,1,Asking price,1
883,883,covid19virusnews.us,Content,Internet,,Site Age,2,Asking price,6500
884,884,dogheel.com,Content,Home and Garden,,Site Age,2,Asking price,500
885,885,Lover Doggy,Content,Home and Garden,Affiliate Sales,Site Age,1,Asking price,1
886,886,georgiasenate.com,Content,General Knowledge,,Site Age,2,Asking price,15000
887,887,poisetour,Content,Internet,Affiliate Sales,Site Age,1,Asking price,4099
888,888,bestcordlessvacuumcleaners.com,Content,Home and Garden,,Site Age,2,Asking price,5000
889,889,tampainsuranceguide.com,Content,Internet,,Site Age,4, USD $-29 p/mo,750
890,890,globaldigihealth.com,Content,Health and Beauty,,Site Age,2,Asking price,1000
891,891,mygadgetshype,Content,Electronics,Ads,Site Age,1,Asking Price,500
892,892,scrolick.com,Blog,Education,,Site Age,3,Asking price,28000
893,893,14inc.ltd,Blog,Internet,,Site Age,3,Asking price,10000
894,894,"Super turnkey business opportunity - Super deal - Network of blogs, coupon sites, games, travel, recipes - 10 automatic sites",Content,Internet,Affiliate Sales,Site Age,1,Asking price,1999
895,895,PNW News,Content,General Knowledge,Ads,Site Age,1, USD $-50 p/mo,250
896,896,Architecture & Hygiene,Content,Home and Garden,Affiliate Sales,Site Age,1,Starting Price,4000
897,897,liveunitedsports.com,Content,Sports and Outdoor,,Site Age,2,Asking price,7700
898,898,covid411.com,Blog,General Knowledge,,Site Age,3,Asking price,250
