,Unnamed: 0,name,type,industry,monitization,selling_method,site_age_in_years,net_profit_in_dollar_per_month,price_in_dollars
0,0,QuizApes.com,Content,Entertainment,Ads,Site Age,2,964.0,27500
1,1,Ideas That Spark,Content,Home and Garden,Affiliate Sales,Site Age,14,12.0,2000
2,2,RootingSteps.com,Content,Electronics,Affiliate Sales,Site Age,3,1183.0,29575
3,3,CONFIDENTIAL,Content,Internet,Affiliate Sales,Site Age,3,40786.0,1500000
4,4,Finance Today,Content,Business,Affiliate Sales,Site Age,4,150.0,4590
5,5,KaraokeMachinesGuru.com,Content,Electronics,Affiliate Sales,Site Age,2,299.0,5050
6,6,Spinning Pom,Content,Home and Garden,Affiliate Sales,Site Age,4,200.0,4850
7,7,Hunde-Zauber,Content,Home and Garden,Affiliate Sales,Site Age,2,3188.0,145344
8,8,Audio Rumble,Content,Electronics,Affiliate Sales,Site Age,7,142.0,2700
9,9,embraceyouhealth.com,Content,Health and Beauty,Affiliate Sales,Site Age,3,924.0,1100
10,10,Ticket Online Booking,Content,Travel,Affiliate Sales,Site Age,2,17.0,605
11,11,Pro Music Vault,Content,Entertainment,Affiliate Sales,Site Age,3,458.0,14500
12,12,Lambocars.com,Content,Automotive,Ads,Site Age,21,519.0,22000
13,13,NiteThrive.com,Content,Travel,Affiliate Sales,Site Age,4,1142.0,32000
14,14,Shooting and Safety,Content,Business,Affiliate Sales,Site Age,7,686.0,26000
15,15,Acknowledgement World,Content,Education,Affiliate Sales,Site Age,3,468.0,12000
16,16,Mantanime,Content,Entertainment,Affiliate Sales,Site Age,2,54.0,1600
17,17,TrampolineAddict.com,Content,Hobbies and Games,Affiliate Sales,Site Age,1,134.0,5050
18,18,DND5eCharacterSheet.com,Content,Hobbies and Games,Affiliate Sales,Site Age,5,256.0,8850
19,19,CONFIDENTIAL,Content,Travel,Affiliate Sales,Site Age,2,3374.0,150000
20,20,ArcheryandBow.com,Content,Sports and Outdoor,Affiliate Sales,Site Age,3,116.0,2000
21,21,ANIMEHYPE,Content,Entertainment,Ads,Site Age,1,130.0,6800
22,22,How To Wiki,Content,General Knowledge,Ads,Site Age,6,993.0,25000
23,23,CONFIDENTIAL,Content,Education,Adsense,Site Age,3,561.0,20000
24,24,CONFIDENTIAL,Content,General Knowledge,Ads,Site Age,10,5823.0,200500
25,25,Dating Everywhere,Content,Lifestyle,Affiliate Sales,Site Age,2,23.0,775
26,26,Funds Verification Required,Content,Health and Beauty,Affiliate Sales,Site Age,11,8149.0,360000
27,27,Poultry Pages,Content,Home and Garden,Affiliate Sales,Site Age,23,866.0,39999
28,28,Parker-Marker,Content,General Knowledge,Affiliate Sales,Site Age,4,3244.0,85000
29,29,CONFIDENTIAL,Content,Home and Garden,Affiliate Sales,Site Age,1,1238.0,30000
30,30,The Linux Code - Top Linux Blog,Content,Education,Ads,Site Age,4,72.0,1000
31,31,A Health Blog,Content,Health and Beauty,Affiliate Sales,Site Age,10,59.0,1601
32,32,Image Restoration Center,Content,Design and Style,Affiliate Sales,Site Age,3,8184.0,195000
33,33,TelescopeGuides.com,Content,Hobbies and Games,Affiliate Sales,Site Age,4,292.0,13000
34,34,Swimsuits 101,Content,Sports and Outdoor,Affiliate Sales,Site Age,3,701.0,5000
35,35,forgingworld.com,Content,Hobbies and Games,Affiliate Sales,Site Age,2,108.0,3300
36,36,Ecommerce Business Review,Content,Business,Affiliate Sales,Site Age,2,47.0,1300
37,37,Archery Power,Content,Sports and Outdoor,Affiliate Sales,Site Age,4,160.0,5000
38,38,BeautifiedDesigns.com,Content,Health and Beauty,Ads,Site Age,5,1361.0,26000
39,39,A Love of Rottweilers,Content,Home and Garden,Affiliate Sales,Site Age,13,124.0,6602
40,40,Easy-to-Manage 22-Month-Old Magisk Tutorial Site Making $404.98 Per Month Using AdSense and Guest Posts,Content,Internet,Ads,Site Age,2,204.0,7900
41,41,CONFIDENTIAL,Content,Travel,Affiliate Sales,Site Age,2,2306.0,75000
42,42,Backcountry Gear,Content,Sports and Outdoor,Affiliate Sales,Site Age,2,30.0,750
43,43,CONFIDENTIAL,Content,Hobbies and Games,Ads,Site Age,4,937.0,9000
44,44,thorsfork.com/,Content,Food and Drink,Affiliate Sales,Site Age,1,39.0,1000
45,45,PotatoBlogger,Content,Internet,Affiliate Sales,Site Age,2,101.0,3500
46,46,4 year Old High DA Automotive Site,Content,Automotive,Affiliate Sales,Site Age,4,127.0,3500
47,47,Gemstones - Top Gemology and Jewelry Blog,Content,Design and Style,Ads,Site Age,6,112.0,4400
48,48,TherapyHunter.com,Content,Health and Beauty,Affiliate Sales,Site Age,1,2939.0,125000
49,49,BADASSOPTIC.com,Content,Sports and Outdoor,Affiliate Sales,Site Age,5,20196.0,770000
50,50,HDG,Content,Hobbies and Games,Ads,Site Age,4,2961.0,95000
51,51,CONFIDENTIAL,Content,Health and Beauty,Affiliate Sales,Site Age,4,2156.0,43000
52,52,Studio73Designsnb.com,Content,Design and Style,Ads,Site Age,3,254.0,755
53,53,www.backyard.games,Content,Hobbies and Games,Affiliate Sales,Site Age,5,349.0,15500
54,54,Family Camp Tents,Content,Sports and Outdoor,Affiliate Sales,Site Age,5,1860.0,51560
55,55,Friv4school,Content,Hobbies and Games,Ads,Site Age,5,1331.0,25000
56,56,Game Preorders.com,Content,Hobbies and Games,Affiliate Sales,Site Age,12,233.0,6500
57,57,CONFIDENTIAL,Content,Entertainment,Ads,Site Age,5,18623.0,750000
58,58,Seoulinspired,Content,Travel,Affiliate Sales,Site Age,5,539.0,11500
59,59,11 years old site in baking & food niche,Content,Food and Drink,Affiliate Sales,Site Age,11,492.0,4500
60,60,TheMobileQuery.com,Content,Electronics,Affiliate Sales,Site Age,1,1981.0,39620
61,61,JohnnyHolland.org,Content,Home and Garden,Ads,Site Age,1,4667.0,85000
62,62,Best Tent Cots for Camping,Content,Sports and Outdoor,Affiliate Sales,Site Age,6,1586.0,29100
63,63,Global Recicle,Content,Electronics,Ads,Site Age,2,219.0,7500
64,64,Lees Razors,Content,Health and Beauty,Affiliate Sales,Site Age,1,739.0,6000
65,65,Fotografare in digitale,Content,Design and Style,Affiliate Sales,Site Age,10,512.0,8550
66,66,CONFIDENTIAL,Content,Hobbies and Games,Ads,Site Age,7,556.0,12500
67,67,WebWut.com,Content,Electronics,Affiliate Sales,Site Age,2,2085.0,16900
68,68,Codeable Magazine,Content,Internet,Affiliate Sales,Site Age,7,1890.0,75000
69,69,Healy Eats Real,Content,Health and Beauty,Affiliate Sales,Site Age,10,3305.0,115000
70,70,Canine HQ,Content,Home and Garden,Affiliate Sales,Site Age,3,538.0,28499
71,71,Perfect Tech Reviews,Content,Electronics,Affiliate Sales,Site Age,3,3733.0,60000
72,72,Keyboard Cutter,Content,Electronics,Affiliate Sales,Site Age,1,171.0,4600
73,73,Techbland,Content,Education,Affiliate Sales,Site Age,4,40.0,1555
74,74,Sky,Content,Design and Style,Ads,Site Age,10,38.0,930
75,75,WanderlustMore.com,Content,Travel,Affiliate Sales,Site Age,2,20.0,745
76,76,Costo de Vida,Content,Travel,Affiliate Sales,Site Age,4,547.0,14000
77,77,Planet Licker,Content,Hobbies and Games,Ads,Site Age,1,50.0,1500
78,78,Astrology Cosmos,Content,General Knowledge,Ads,Site Age,5,465.0,15000
79,79,CONFIDENTIAL,Content,Food and Drink,Ads,Site Age,9,4155.0,200639
80,80,CONFIDENTIAL,Content,Hobbies and Games,Ads,Site Age,6,2558.0,65000
81,81,Smart Speakers,Content,Electronics,Affiliate Sales,Site Age,2,863.0,17500
82,82,Small House Decor,Content,Home and Garden,Affiliate Sales,Site Age,6,1216.0,40000
83,83,frenchweddingstyle.com,Content,Travel,Ads,Site Age,11,1220.0,51000
84,84,CONFIDENTIAL,Content,Lifestyle,Ads,Site Age,4,2860.0,57000
85,85,Tools Territory,Content,Home and Garden,Affiliate Sales,Site Age,2,159.0,8500
86,86,responsabilidadesocial.com,Content,Business,Adsense,Site Age,20,98.0,4900
87,87,Swag Captions - Best Resource for Social Media Captions,Content,Lifestyle,Ads,Site Age,3,1121.0,40000
88,88,Traxplorio.com Travel Blogging Platform,Content,Travel,Affiliate Sales,Site Age,3,72.0,3150
89,89,WeCoffeeCompany.com,Content,Food and Drink,Affiliate Sales,Site Age,1,158.0,5750
90,90,Geniusgeeks,Content,Electronics,Affiliate Sales,Site Age,13,1241.0,1400
91,91,"7 years celebrity News and Biography Website Monthly profit $1,082",Content,Entertainment,Ads,Site Age,7,1082.0,7050
92,92,High Tech Fitness,Content,Sports and Outdoor,Affiliate Sales,Site Age,2,161.0,4000
93,93,FitnessTipBlog.com,Content,Health and Beauty,Ads,Site Age,3,203.0,8850
94,94,CameraKen.com,Content,Electronics,Affiliate Sales,Site Age,3,1806.0,28000
95,95,CelebCrystal.com,Content,Entertainment,Ads,Site Age,8,190.0,7500
96,96,EasyTrackings.com,Content,Business,Ads,Site Age,3,266.0,13100
97,97,Bourbon and Boots,Content,Lifestyle,Affiliate Sales,Site Age,2,1761.0,45000
98,98,CONFIDENTIAL,Content,Hobbies and Games,Ads,Site Age,1,10446.0,380000
99,99,sabinhindi.com,Content,Entertainment,Ads,Site Age,2,215.0,7800
100,100,Techreview,Content,Home and Garden,Affiliate Sales,Site Age,1,133.0,3500
101,101,HBOWatch.com,Content,Entertainment,Affiliate Sales,Site Age,14,845.0,18500
102,102,Fish Informer,Content,Home and Garden,Affiliate Sales,Site Age,1,48.0,4777
103,103,Tech21K.in,Content,Internet,Ads,Site Age,2,7.0,230
104,104,PSD Box - Online courses blog,Content,Design and Style,Ads,Site Age,13,708.0,30000
105,105,Pub Crawl Tonight,Content,Hobbies and Games,Affiliate Sales,Site Age,3,17.0,5500
106,106,Spiritualify,Content,Lifestyle,Ads,Site Age,4,1070.0,9995
107,107,CONFIDENTIAL,Content,Home and Garden,Ads,Site Age,4,1848.0,64695
108,108,Pcweblog,Content,Internet,Ads,Site Age,15,54.0,6530
109,109,Painting with you,Content,Design and Style,Affiliate Sales,Site Age,2,158.0,4050
110,110,Real Rewards,Content,General Knowledge,Ads,Site Age,2,6.0,260
111,111,Decoration Channel,Content,Home and Garden,Affiliate Sales,Site Age,12,120.0,8500
112,112,menhairstylist.com,Content,Lifestyle,Ads,Site Age,6,1314.0,38580
113,113,GamezBook.com,Content,Hobbies and Games,Affiliate Sales,Site Age,3,2.0,799
114,114,CONFIDENTIAL,Content,Sports and Outdoor,Affiliate Sales,Site Age,2,7253.0,367000
115,115,Compassion Coach,Content,General Knowledge,Ads,Site Age,19,1.0,505
116,116,USAMotorcycling.com,Content,Automotive,Affiliate Sales,Site Age,8,65.0,2100
117,117,lawn fury,Content,Home and Garden,Affiliate Sales,Site Age,1,126.0,950
118,118,cricnscore.com,Content,Sports and Outdoor,Ads,Site Age,3,23.0,920
119,119,HaloGenHub,Content,Electronics,Affiliate Sales,Site Age,2,18.0,1250
120,120,NetSpeedMonitor,Content,Internet,Ads,Site Age,2,280.0,6500
121,121,WindowsHelper,Content,Electronics,Ads,Site Age,4,52.0,850
122,122,Tatuajes 360,Content,Design and Style,Affiliate Sales,Site Age,1,44.0,830
123,123,Ignore Limits,Content,Health and Beauty,Affiliate Sales,Site Age,8,48.0,6850
124,124,Financial Freedom Blog,Content,Business,Affiliate Sales,Site Age,2,964.0,12000
125,125,Shark Tank India Episodes And Products,Content,Business,Affiliate Sales,Site Age,1,146.0,3200
126,126,StartWithNfts.com,Content,Internet,Affiliate Sales,Site Age,1,635.0,16000
127,127,Vício em Pornografia | Como Parar?,Content,Health and Beauty,Affiliate Sales,Site Age,8,632.0,35000
128,128,Best of Outdoor Gear,Content,Sports and Outdoor,Affiliate Sales,Site Age,2,226.0,5800
129,129,easyinfoblog.com,Content,General Knowledge,Adsense,Site Age,3,3032.0,75000
130,130,CONFIDENTIAL,Content,Electronics,Affiliate Sales,Site Age,2,3117.0,100000
131,131,Golfer Pros,Content,Sports and Outdoor,Affiliate Sales,Site Age,3,36.0,3175
132,132,CONFIDENTIAL,Content,Automotive,Adsense,Site Age,6,1322.0,50000
133,133,Namastest,Content,Hobbies and Games,Ads,Site Age,3,143.0,1800
134,134,petosia.com,Content,Home and Garden,Affiliate Sales,Site Age,1,10.0,1900
135,135,Times of Silicon,Content,General Knowledge,Ads,Site Age,7,66.0,3500
136,136,Survivor's Fortress,Content,Sports and Outdoor,Affiliate Sales,Site Age,5,278.0,4500
137,137,Oralteeth,Content,Health and Beauty,Affiliate Sales,Site Age,1,34.0,1500
138,138,historyten.com,Content,Education,Ads,Site Age,3,164.0,9000
139,139,Technochops,Content,Electronics,Affiliate Sales,Site Age,2,2088.0,22000
140,140,CONFIDENTIAL,Content,Food and Drink,Affiliate Sales,Site Age,3,4292.0,180000
141,141,The Barbeque Grill,Content,Lifestyle,Affiliate Sales,Site Age,14,22.0,2000
142,142,prim.net,Content,Internet,Subscription,Site Age,4,1580.0,65000
143,143,Rolled Ice Cream Mix,Content,Food and Drink,Affiliate Sales,Site Age,4,188.0,12000
144,144,Highway61.co,Content,Lifestyle,Ads,Site Age,7,,399
145,145,Tech Consumer Guide,Content,Electronics,Affiliate Sales,Site Age,4,623.0,2500
146,146,CoursEnvy.com,Content,Education,Affiliate Sales,Site Age,8,16618.0,694506
147,147,Ketobuzz.org & babybrainorganics.com,Content,Health and Beauty,Affiliate Sales,Site Age,1,23.0,1299
148,148,10-Year Old Adsense Romantic Short Stories,Content,Entertainment,Ads,Site Age,10,2.0,699
149,149,Kitchen Bed & Bath,Content,Home and Garden,Affiliate Sales,Site Age,4,682.0,33000
150,150,CONFIDENTIAL,Content,Sports and Outdoor,Affiliate Sales,Site Age,8,6368.0,422633
151,151,Dates Vacances,Content,Internet,Ads,Site Age,8,142.0,4000
152,152,EasyTradeWeb.com,Content,Business,Affiliate Sales,Site Age,4,12368.0,500000
153,153,Norwiski,Content,Sports and Outdoor,Affiliate Sales,Site Age,2,1475.0,20645
154,154,ShatnersWorld.com,Content,Electronics,Ads,Site Age,4,390.0,9000
155,155,DollarStoreShopping.com,Content,Home and Garden,Ads,Site Age,4,633.0,22250
156,156,Firstwinner,Content,General Knowledge,Ads,Site Age,4,3.0,95
157,157,The Sketch Tab,Content,Electronics,Affiliate Sales,Site Age,1,37.0,535
158,158,Nutrient Journal,Content,Health and Beauty,Affiliate Sales,Site Age,10,1.0,800
159,159,Nomadic Sailing,Content,Sports and Outdoor,Affiliate Sales,Site Age,3,95.0,6900
160,160,Turkey Nomad,Content,Travel,Ads,Site Age,3,63.0,1700
161,161,Sharenator,Content,Lifestyle,Affiliate Sales,Site Age,3,576.0,15000
162,162,Tennis Instruction,Content,Sports and Outdoor,Affiliate Sales,Site Age,8,86.0,7000
163,163,Hammocktown,Content,Home and Garden,Affiliate Sales,Site Age,8,2089.0,175000
164,164,The Packag Inginsider,Content,Design and Style,Ads,Site Age,12,15.0,1700
165,165,Household Wonders,Content,Home and Garden,Affiliate Sales,Site Age,4,205.0,12000
166,166,skyblueproductions.net,Content,Internet,Ads,Site Age,19,,400
167,167,Tilen Space,Content,Home and Garden,Affiliate Sales,Site Age,2,748.0,7900
168,168,airlifebetter.com,Content,Health and Beauty,Amazon,Site Age,6,1296.0,15000
169,169,NewsyJacuzzi.com,Content,Lifestyle,Ads,Site Age,9,,360
170,170,iconshots.com,Content,Internet,Adsense,Site Age,13,451.0,20000
171,171,CONFIDENTIAL,Content,Entertainment,Ads,Site Age,8,922.0,19670
172,172,Dogs and Treats,Content,Home and Garden,Affiliate Sales,Site Age,4,194.0,8400
173,173,Kreater.co,Content,Food and Drink,Affiliate Sales,Site Age,1,10.0,600
174,174,Wikikeep,Content,Education,Affiliate Sales,Site Age,3,58.0,905
175,175,East Insurance Group,Content,Business,Affiliate Sales,Site Age,7,1659.0,63719
176,176,Apnaahangout,Content,Education,Ads,Site Age,9,633.0,4000
177,177,Funken Der Liebe,Content,Lifestyle,Affiliate Sales,Site Age,3,26.0,900
178,178,Creature Facts,Content,Home and Garden,Ads,Site Age,1,32.0,800
179,179,yourpitbullandyou.com and pitbullstore.net,Content,Home and Garden,Affiliate Sales,Site Age,1,31.0,319
180,180,Chromecast Chat,Content,Electronics,Ads,Site Age,9,16.0,600
181,181,Pet website for sale,Content,Home and Garden,Ads,Site Age,1,105.0,1600
182,182,Skinsaps,Content,Health and Beauty,Affiliate Sales,Site Age,2,43.0,1200
183,183,CONFIDENTIAL,Content,Automotive,Affiliate Sales,Site Age,7,18366.0,577360
184,184,No Minimalist Here,Content,Home and Garden,Affiliate Sales,Site Age,12,190.0,4900
185,185,Crypto Academy,Content,Business,Ads,Site Age,1,5894.0,75000
186,186,Geeqer.com,Content,Electronics,Affiliate Sales,Site Age,2,49.0,2100
187,187,machinescraft.com,Content,Home and Garden,Affiliate Sales,Site Age,2,95.0,2500
188,188,PrinterNotPrinting.com,Content,Electronics,Ads,Site Age,1,108.0,1785
189,189,Home Cabinet Expert,Content,Home and Garden,Affiliate Sales,Site Age,2,163.0,8500
190,190,The Pet Savvy,Content,General Knowledge,Affiliate Sales,Site Age,3,80.0,5000
191,191,CONFIDENTIAL,Content,Entertainment,Ads,Site Age,2,8760.0,350000
192,192,Titar Media SL,Content,Health and Beauty,Affiliate Sales,Site Age,6,260.0,3770
193,193,Daves Cheap Bikes,Content,Sports and Outdoor,Affiliate Sales,Site Age,9,44.0,2000
194,194,OutdoorFunMag.com,Content,Sports and Outdoor,Affiliate Sales,Site Age,2,82.0,1000
195,195,ShoeHabour.com,Content,Lifestyle,Affiliate Sales,Site Age,2,330.0,2250
196,196,tomboy-clothing.com,Content,Design and Style,Ads,Site Age,15,,350
197,197,Twestar.com,Content,Entertainment,Ads,Site Age,1,363.0,2000
198,198,Blog about Dog Breeders in the USA,Content,Home and Garden,Ads,Site Age,1,33.0,1000
199,199,nerdknowbetter.com,Content,Hobbies and Games,Ads,Site Age,2,1095.0,35000
200,200,forekinggolf.com,Content,Hobbies and Games,Ads,Site Age,3,41.0,180
201,201,New Year Wiki,Content,Entertainment,Ads,Site Age,3,672.0,1900
202,202,BibleKeyword,Content,General Knowledge,Ads,Site Age,3,9.0,2000
203,203,traynews.com,Content,Business,Affiliate Sales,Site Age,9,18.0,420
204,204,TheRecipeDiaries,Content,Food and Drink,Ads,Site Age,1,300.0,5500
205,205,Musical Instrument Blog,Content,Entertainment,Affiliate Sales,Site Age,4,51.0,2023
206,206,Electrical Exams,Content,Education,Ads,Site Age,5,67.0,1800
207,207,casarseenlasvegas.org,Content,Travel,Amazon,Site Age,6,87.0,5000
208,208,Utensil Holders,Content,Home and Garden,Affiliate Sales,Site Age,11,1.0,210
209,209,notepadplusplusformac.com,Content,Entertainment,Adsense,Site Age,4,96.0,4500
210,210,Hobbyask,Content,Hobbies and Games,Affiliate Sales,Site Age,2,262.0,1050
211,211,ItalianCrowdfunding,Content,Business,Affiliate Sales,Site Age,7,614.0,25000
212,212,cryptocurrencypriceprediction.com,Content,Business,Ads,Site Age,5,174.0,13000
213,213,Conquering Motherhood,Content,Lifestyle,Affiliate Sales,Site Age,2,720.0,9000
214,214,Success In Veterinary Practice: Blog targeting high earning veterinary professionals,Content,Business,Ads,Site Age,7,5.0,800
215,215,Export-u2.com,Content,Business,Ads,Site Age,1,41.0,255
216,216,DrComparison.com,Content,Electronics,Affiliate Sales,Site Age,2,116.0,1800
217,217,Shoe Filter,Content,Lifestyle,Affiliate Sales,Site Age,1,276.0,10000
218,218,gamenightbros.com,Content,Hobbies and Games,Ads,Site Age,4,,300
219,219,Game Deals 365,Content,Hobbies and Games,Affiliate Sales,Site Age,5,72.0,1200
220,220,Good Energy Email,Content,General Knowledge,Affiliate Sales,Site Age,1,1337.0,25000
221,221,Charger Empire,Ecommerce,Electronics,Dropship,Site Age,1,1540.0,1400
222,222,FatLossTip.Org,Content,Health and Beauty,Affiliate Sales,Site Age,5,266.0,1500
223,223,Salvadanaro.it,Content,Business,Affiliate Sales,Site Age,6,25.0,326
224,224,TSP Home Decor,Content,Home and Garden,Affiliate Sales,Site Age,5,141.0,8000
225,225,raqm1.com,Content,Electronics,Adsense,Site Age,3,98.0,5000
226,226,World Cheap Travel (Affiliate Site),Content,Travel,Affiliate Sales,Site Age,2,6.0,600
227,227,"History Of Soccer Blog (AHrefs DR: 48, SEMRush Authority Score: 42)",Content,Sports and Outdoor,Ads,Site Age,1,480.0,25000
228,228,kimstulsabeauty.com,Content,Health and Beauty,Ads,Site Age,7,1.0,398
229,229,Open for Christmas,Content,Home and Garden,Affiliate Sales,Site Age,2,327.0,10250
230,230,BrightSideOfNews.com,Content,Electronics,Affiliate Sales,Site Age,14,521.0,9530
231,231,Student Loan Solved,Content,Business,Ads,Site Age,2,711.0,25000
232,232,Relax Comfy,Content,Home and Garden,Affiliate Sales,Site Age,1,271.0,3500
233,233,RiograndeKitchen.com,Content,Food and Drink,Ads,Site Age,4,1.0,398
234,234,loginguy.com,Content,Internet,Ads,Site Age,9,1.0,398
235,235,Homeofficeapproved,Content,Home and Garden,Affiliate Sales,Site Age,2,343.0,7000
236,236,Tadawul School,Content,Business,Affiliate Sales,Site Age,2,2146.0,65000
237,237,VA Lottery Result,Content,Business,Ads,Site Age,3,38.0,350
238,238,CONFIDENTIAL,Content,Travel,Ads,Site Age,2,2118.0,3500
239,239,ListProvide.com Monthly Profit $170+,Content,Internet,Affiliate Sales,Site Age,5,177.0,1200
240,240,MrGarbageDisposal.com,Content,Home and Garden,Affiliate Sales,Site Age,6,120.0,3300
241,241,glossyteeth.com,Content,Health and Beauty,Affiliate Sales,Site Age,1,93.0,1000
242,242,TechMoviles,Content,General Knowledge,Ads,Site Age,7,188.0,4800
243,243,CONFIDENTIAL,Content,Home and Garden,Affiliate Sales,Site Age,3,422.0,18000
244,244,Solved Answer Key,Content,Education,Ads,Site Age,4,1135.0,16500
245,245,Filmstrendz.com,Content,Entertainment,Ads,Site Age,1,341.0,611
246,246,Physique Planet Premium,Ecommerce,Sports and Outdoor,Dropship,Site Age,1,2144.0,1250
247,247,inetsolutions.org,Content,Internet,Ads,Site Age,7,443.0,26500
248,248,xiaomitoday,Content,Electronics,Affiliate Sales,Site Age,7,1716.0,33000
249,249,servicecentrelist.com,Content,Electronics,Adsense,Site Age,4,2957.0,66000
250,250,Michigan Sports Zone,Content,Entertainment,Ads,Site Age,1,6433.0,120000
251,251,Cool Buzz,Content,Travel,Ads,Site Age,17,349.0,2100
252,252,Savings Trend,Ecommerce,Electronics,Dropship,Site Age,2,316.0,1450
253,253,TabletChief.com,Content,Electronics,Affiliate Sales,Site Age,2,1513.0,24000
254,254,freshbodycoupons.com,Content,Health and Beauty,Affiliate Sales,Site Age,2,161.0,1500
255,255,Side Hustle Startup,Content,Business,Affiliate Sales,Site Age,5,6.0,2700
256,256,House of Kingdoms,Content,Hobbies and Games,Ads,Site Age,2,379.0,25000
257,257,CONFIDENTIAL,Content,General Knowledge,Ads,Site Age,8,731.0,15000
258,258,True Music Helper,Content,Hobbies and Games,Affiliate Sales,Site Age,2,157.0,3050
259,259,castlerockfarm.net,Content,Home and Garden,Ads,Site Age,18,,300
260,260,PCJOW,Content,Internet,Ads,Site Age,1,25.0,450
261,261,REVIEW IN HINDI,Content,Entertainment,Ads,Site Age,1,400.0,5000
262,262,ACRepairCenters,Content,Home and Garden,Ads,Site Age,1,69.0,3800
263,263,fansh.com.es,Content,Design and Style,Ads,Site Age,1,59.0,205
264,264,CONFIDENTIAL,Content,Lifestyle,Affiliate Sales,Site Age,14,672.0,32000
265,265,Talbottea,Content,Food and Drink,Affiliate Sales,Site Age,19,253.0,8200
266,266,Best-Card-Tricks.com,Content,Hobbies and Games,Ads,Site Age,6,,525
267,267,Edutsoft,Content,Education,Affiliate Sales,Site Age,2,51.0,900
268,268,UpLevel Green,Content,Home and Garden,Affiliate Sales,Site Age,3,245.0,4050
269,269,babycribscentral.com,Content,Lifestyle,Adsense,Site Age,3,455.0,15000
270,270,News in Germany,Content,Internet,Ads,Site Age,1,17.0,5250
271,271,Mindee's Cooking Obsession,Content,Food and Drink,Ads,Site Age,6,2521.0,105000
272,272,Bamboo Bottle Co,Content,Home and Garden,Ads,Site Age,3,166.0,2200
273,273,Lifo India,Content,Entertainment,Ads,Site Age,2,4.0,30
274,274,howtotieaties.com,Content,Design and Style,Ads,Site Age,9,,249
275,275,Pet Advisers,Content,Home and Garden,Affiliate Sales,Site Age,1,128.0,5000
276,276,homeplace.in,Content,Home and Garden,Affiliate Sales,Site Age,3,128.0,1200
277,277,Preparing With Dave,Content,Sports and Outdoor,Affiliate Sales,Site Age,3,39.0,770
278,278,IptvRun,Content,Entertainment,Ads,Site Age,1,287.0,4000
279,279,"Invisible Text & Invisible Character is a 2 year old Website with Google News, and Adsense approval (Tool Website)",Content,Internet,Ads,Site Age,1,12.0,1100
280,280,2ktablets.com,Content,Electronics,Adsense,Site Age,3,846.0,20000
281,281,Pet Aquariums,Content,Home and Garden,Affiliate Sales,Site Age,2,17.0,2500
282,282,OBD For Car- (High Commission Affiliate Blog),Content,Automotive,Affiliate Sales,Site Age,2,25.0,250
283,283,News in France,Content,General Knowledge,Ads,Site Age,1,42.0,4000
284,284,toystokids.com,Content,Entertainment,Affiliate Sales,Site Age,3,153.0,2799
285,285,donuts recipes,Content,Food and Drink,Affiliate Sales,Site Age,1,42.0,825
286,286,NBA Quizzes,Content,Entertainment,Ads,Site Age,1,29.0,1750
287,287,CONFIDENTIAL,Content,Home and Garden,Ads,Site Age,3,6016.0,249000
288,288,gsxrfairings.net,Content,Automotive,Affiliate Sales,Site Age,11,1.0,600
289,289,TopGolfReviews,Content,Sports and Outdoor,Affiliate Sales,Site Age,2,144.0,500
290,290,Nearme.blog,Content,Business,Affiliate Sales,Site Age,1,121.0,10500
291,291,Cycle from Home,Content,Sports and Outdoor,Affiliate Sales,Site Age,3,704.0,17897
292,292,GamingDost.com,Content,Hobbies and Games,Affiliate Sales,Site Age,1,681.0,45000
293,293,Newsforpc  - Tech Blog,Content,Internet,Ads,Site Age,3,11.0,1000
294,294,CONFIDENTIAL,Content,Education,Affiliate Sales,Site Age,5,3636.0,400000
295,295,Wellness Press Now,Content,Health and Beauty,Ads,Site Age,1,462.0,250
296,296,FeastHome,Content,Home and Garden,Affiliate Sales,Site Age,4,29.0,5900
297,297,The Art Of Home Renovations,Content,Home and Garden,Affiliate Sales,Site Age,1,243.0,6000
298,298,ViParrot,Content,Home and Garden,Affiliate Sales,Site Age,4,6.0,250
299,299,CONFIDENTIAL,Content,Health and Beauty,Affiliate Sales,Site Age,7,1821.0,50000
300,300,Compra Inteligente,Content,Home and Garden,Affiliate Sales,Site Age,3,134.0,2070
301,301,Gear Hands,Content,Automotive,Affiliate Sales,Site Age,2,9.0,10
302,302,Today-Bazar,Content,Business,Affiliate Sales,Site Age,3,135.0,2500
303,303,Crafts & Dollars,Content,Home and Garden,Ads,Site Age,4,5.0,400
304,304,anictericsclerae.info,Content,Health and Beauty,Ads,Site Age,5,,597
305,305,OfertaHogar.com,Content,Home and Garden,Affiliate Sales,Site Age,17,19.0,3000
306,306,Travellin' Lite,Content,Sports and Outdoor,Affiliate Sales,Site Age,4,415.0,4759
307,307,BABELTOON,Content,Hobbies and Games,Affiliate Sales,Site Age,1,1070.0,110
308,308,Your Jeep Guide,Content,Automotive,Affiliate Sales,Site Age,3,1005.0,3200
309,309,latetothepartyballet.com,Content,Sports and Outdoor,Ads,Site Age,3,,360
310,310,Nord News,Content,General Knowledge,Affiliate Sales,Site Age,2,18.0,2152
311,311,All Font Space,Content,Design and Style,Affiliate Sales,Site Age,1,9.0,200
312,312,theredmondcloud.com,Content,Education,Adsense,Site Age,3,700.0,24995
313,313,bodyguider.com,Content,Sports and Outdoor,Ads,Site Age,2,272.0,1100
314,314,Serconline,Content,Lifestyle,Ads,Site Age,1,9.0,3250
315,315,Free Night Stand,Content,Lifestyle,Affiliate Sales,Site Age,4,189.0,3500
316,316,Website Content - Product Reviews + Food Guides - bestblenderusa.com,Content,Health and Beauty,Ads,Site Age,5,60.0,4000
317,317,Sensei Music Blog,Content,Entertainment,Ads,Site Age,7,1220.0,20000
318,318,Market Research Journals,Content,Entertainment,Ads,Site Age,3,99.0,1440
319,319,Travelmax.in,Content,Travel,Ads,Site Age,8,395.0,30000
320,320,Daily Cat Chat,Content,Home and Garden,Affiliate Sales,Site Age,1,34.0,3000
321,321,humawaz.pk,Content,General Knowledge,Adsense,Site Age,5,57.0,999
322,322,Health Blog with 297 posts written (307k+ words) - STARTS AT $1,Content,Health and Beauty,Affiliate Sales,Site Age,1,,697
323,323,Air Purifiers Amazon Affiliate,Content,Home and Garden,Affiliate Sales,Site Age,1,35.0,650
324,324,Oolipo Blog,Content,Business,Ads,Site Age,7,417.0,24500
325,325,loginoz.com,Content,Internet,Ads,Site Age,7,152.0,1195
326,326,nocashnolife.com,Content,General Knowledge,Ads,Site Age,1,317.0,5100
327,327,iosalternativeapps.com,Content,Electronics,Ads,Site Age,1,1.0,799
328,328,Health Massage Blog with 100 posts written (88k++ words) - STARTS AT $1,Content,Health and Beauty,Affiliate Sales,Site Age,1,,160
329,329,Do Your Blog With Me,Content,Business,Affiliate Sales,Site Age,4,1.0,2499
330,330,Ironfuss,Content,Lifestyle,Affiliate Sales,Site Age,1,35.0,650
331,331,Blogograph.com,Content,Entertainment,Ads,Site Age,3,1625.0,22000
332,332,legeol.com,Content,Health and Beauty,Ads,Site Age,1,,300
333,333,Food Blog with 200 posts (210k+ words) AdSense & Affiliate Ready - STARTS AT $1,Content,Food and Drink,Affiliate Sales,Site Age,1,,475
334,334,AZ Greyhounds + Paintballic,Content,Education,Affiliate Sales,Site Age,1,40.0,3101
335,335,parentingrevised.com,Content,Lifestyle,Affiliate Sales,Site Age,2,1.0,120
336,336,FXDayJob.com,Content,Business,Affiliate Sales,Site Age,11,95.0,2000
337,337,agaveazulsa.com,Content,Food and Drink,Ads,Site Age,2,,398
338,338,Financial Freedom Blog & E-Course - 250 articles written (299k+ words) - STARTS AT $1,Content,Business,Affiliate Sales,Site Age,1,,255
339,339,www.generatorreviews.net,Content,Sports and Outdoor,Affiliate Sales,Site Age,1,60.0,3999
340,340,Parents Route,Content,Lifestyle,Ads,Site Age,1,29.0,1500
341,341,Modaparafestivales,Content,Design and Style,Affiliate Sales,Site Age,3,12.0,199
342,342,liveloungeapk.vip,Content,General Knowledge,Adsense,Site Age,3,731.0,15000
343,343,allrobloxcodes.com,Content,Hobbies and Games,Ads,Site Age,2,1.0,1000
344,344,Best of Mallorca,Content,Internet,Affiliate Sales,Site Age,9,272.0,107290
345,345,Everyday Dieting,Content,Health and Beauty,Affiliate Sales,Site Age,1,188.0,1650
346,346,CONFIDENTIAL,Content,Health and Beauty,Amazon,Site Age,3,997.0,8000
347,347,SOLE AND SHAPE,Content,Design and Style,Affiliate Sales,Site Age,7,991.0,14044
348,348,latestechnews.com,Content,General Knowledge,Ads,Site Age,5,19.0,1500
349,349,trendingera.in,Content,Internet,Amazon,Site Age,3,281.0,13000
350,350,Mindfulness Blog with 127 posts (96k+ words) Adsense & Affiliate Ready - STARTS AT $1,Content,Health and Beauty,Affiliate Sales,Site Age,1,1.0,500
351,351,sprucebathroom.com,Content,Home and Garden,Affiliate Sales,Site Age,3,528.0,4995
352,352,SmartGeek,Content,General Knowledge,Affiliate Sales,Site Age,5,4.0,600
353,353,CBNOilForSleep.com,Content,Health and Beauty,Affiliate Sales,Site Age,4,52.0,250
354,354,clickafo.com,Content,Internet,Affiliate Sales,Site Age,1,186.0,2200
355,355,Lords APK,Content,Hobbies and Games,Ads,Site Age,1,133.0,300
356,356,Health Blog with 132 posts written (118k+ words) Adsense & Affiliate Ready - STARTS AT $1,Content,Health and Beauty,Affiliate Sales,Site Age,1,13.0,505
357,357,AutomatePOD | SaaS Product | Chrome Extension,Content,Internet,Service Subscription,Site Age,2,1328.0,18000
358,358,Social Trading 101,Content,Business,Affiliate Sales,Site Age,2,75.0,2000
359,359,otempoaqui.com,Content,Travel,Ads,Site Age,9,1.0,500
360,360,OfficeHeadquarters,Content,Business,Ads,Site Age,4,,2500
361,361,Adhunu.Com,Content,Business,Affiliate Sales,Site Age,1,10.0,350
362,362,EarnSave - Highly Profitable Content & Affiliate Website (43 DA),Content,Business,Affiliate Sales,Site Age,5,19.0,6000
363,363,toplogo.info,Content,Business,Ads,Site Age,4,,498
364,364,stronghealthydad.com,Content,Health and Beauty,Ads,Site Age,2,121.0,8000
365,365,Intimacy Silk Premium Lingerie,Ecommerce,Design and Style,Dropship,Site Age,1,1952.0,1850
366,366,Tattoomuse.it,Content,Design and Style,Affiliate Sales,Site Age,7,47.0,3000
367,367,Amaze Bowls,Content,Food and Drink,Affiliate Sales,Site Age,2,,14800
368,368,www.thevacationbuilder.com,Content,Travel,Affiliate Sales,Site Age,3,404.0,14999
369,369,Pets Blog with 90 posts written (77k+ words) - STARTS AT $1,Content,Home and Garden,Affiliate Sales,Site Age,1,1.0,375
370,370,MoneyHelpBlog,Content,Business,Affiliate Sales,Site Age,4,5.0,3250
371,371,goodmorningquote.com,Content,General Knowledge,Ads,Site Age,8,962.0,33673
372,372,I Love Romance,Content,Lifestyle,Affiliate Sales,Site Age,1,300.0,4960
373,373,Breadmakers.org,Content,Food and Drink,Affiliate Sales,Site Age,3,10.0,1200
374,374,Mahaz News | Autopilot News website,Content,General Knowledge,Affiliate Sales,Site Age,1,30.0,156
375,375,antivirusops.com,Content,Internet,Affiliate Sales,Site Age,1,75.0,2500
376,376,FirestickWiki.com,Content,Electronics,Affiliate Sales,Site Age,3,589.0,6000
377,377,SaiGayatriHomeo.com,Content,Health and Beauty,Ads,Site Age,1,607.0,550
378,378,Expmx.com,Content,General Knowledge,Ads,Site Age,1,143.0,520
379,379,withmydegree.org,Content,Business,Ads,Site Age,8,50.0,1350
380,380,primalstreammedia.com,Content,Entertainment,Ads,Site Age,3,101.0,2700
381,381,Nicoo Free Fire Blog,Content,Hobbies and Games,Ads,Site Age,1,68.0,705
382,382,golfnitro,Content,Sports and Outdoor,Affiliate Sales,Site Age,2,24.0,250
383,383,Beautiful Life Change,Content,General Knowledge,Affiliate Sales,Site Age,4,16.0,300
384,384,Coffeemaker Land,Content,Food and Drink,Affiliate Sales,Site Age,1,78.0,1350
385,385,Crypto-Tools.co,Content,Business,Affiliate Sales,Site Age,1,122.0,1500
386,386,upsers.mobi,Content,Internet,Ads,Site Age,8,,398
387,387,Digcosec.com,Content,Internet,Affiliate Sales,Site Age,1,110.0,55
388,388,Cosmetic Surgery Facts,Content,Health and Beauty,Affiliate Sales,Site Age,5,254.0,955
389,389,Kordinate,Content,Business,Affiliate Sales,Site Age,3,1278.0,34386
390,390,sportsmetro.net,Content,Sports and Outdoor,Affiliate Sales,Site Age,4,3.0,150
391,391,RadixReviews.com,Content,Electronics,Affiliate Sales,Site Age,1,42.0,350
392,392,AniMixPlay News,Content,Business,Ads,Site Age,2,307.0,3440
393,393,Mystery of Number,Content,General Knowledge,Ads,Site Age,1,7.0,2500
394,394,eatalianrecipes.com,Content,Food and Drink,Ads,Site Age,1,828.0,3000
395,395,iluvpinyin.com,Content,Entertainment,Ads,Site Age,1,1.0,597
396,396,proofmart.com,Content,Design and Style,Ads,Site Age,3,5.0,3000
397,397,thatgratefulsoul.com,Content,Health and Beauty,Affiliate Sales,Site Age,2,538.0,8152
398,398,CyclingAdvise,Content,Sports and Outdoor,Affiliate Sales,Site Age,1,2.0,350
399,399,Calibre Fishing - Expert Reviews for Fly Fishing Products,Content,Sports and Outdoor,Affiliate Sales,Site Age,1,9.0,490
400,400,CONFIDENTIAL,Content,Lifestyle,Ads,Site Age,3,681.0,28000
401,401,photornia.com,Content,Design and Style,Ads,Site Age,3,18.0,1800
402,402,GamersGuider.com,Content,Hobbies and Games,Affiliate Sales,Site Age,1,105.0,5000
403,403,My Sleeping Guide,Content,Lifestyle,Affiliate Sales,Site Age,6,12.0,67
404,404,cnewsmail.com,Content,General Knowledge,Adsense,Site Age,11,1122.0,8000
405,405,I Love Bulldogs,Content,General Knowledge,Ads,Site Age,4,,1000
406,406,gdmorningquote.com,Content,Entertainment,Ads,Site Age,1,1.0,360
407,407,EMF portal,Content,Health and Beauty,Affiliate Sales,Site Age,3,79.0,4600
408,408,fridayshow.in,Content,Entertainment,Ads,Site Age,5,73.0,1500
409,409,crypto4arabs.com,Content,General Knowledge,Affiliate Sales,Site Age,1,1500.0,5000
410,410,Monetization: Adsense - domain letrasff.com Premium.,Content,Internet,Ads,Site Age,2,18.0,25000
411,411,Muslim News & Updates,Content,General Knowledge,Ads,Site Age,2,1.0,3000
412,412,District Column,Content,General Knowledge,Ads,Site Age,2,571.0,106
413,413,sarkari detail,Content,Education,Ads,Site Age,4,1351.0,42603
414,414,Know About Home,Content,Home and Garden,Ads,Site Age,1,17.0,500
415,415,Lindy Health,Content,Health and Beauty,Affiliate Sales,Site Age,1,111.0,11000
416,416,DeboBand - Drumming Advice & Product Reviews,Content,Entertainment,Affiliate Sales,Site Age,2,61.0,500
417,417,Empire Weekly,Content,General Knowledge,Ads,Site Age,1,25.0,7000
418,418,Best Review Blog with 90 posts written (73K++ words) - STARTS AT $1,Content,Lifestyle,Affiliate Sales,Site Age,1,,305
419,419,shoppeers,Content,Internet,Affiliate Sales,Site Age,6,333.0,9600
420,420,New Dinosaurs,Content,Education,Ads,Site Age,18,2.0,5000
421,421,Lista IPTV Televisión,Content,Internet,Affiliate Sales,Site Age,4,519.0,26036
422,422,thecodeteacher,Content,Education,Ads,Site Age,1,45.0,305
423,423,comparecaramps.com,Content,Automotive,Amazon,Site Age,5,1.0,2000
424,424,SeoMirror,Content,Internet,Affiliate Sales,Site Age,4,19.0,500
425,425,Career Self Improvement Blog with 97 posts (70k++ words) AdSense and Affiliate Ready - START $1,Content,Business,Affiliate Sales,Site Age,1,,597
426,426,Spicygaming.net,Content,Hobbies and Games,Affiliate Sales,Site Age,2,225.0,22000
427,427,Food Blog with 91 posts written (122k+ words) - STARTS AT $1,Content,Food and Drink,Affiliate Sales,Site Age,1,1.0,597
428,428,Zero Waste Creative,Content,Lifestyle,Affiliate Sales,Site Age,1,7.0,7500
429,429,DerbyProshop.com,Content,Automotive,Affiliate Sales,Site Age,1,16.0,110
430,430,Dogdigg,Content,General Knowledge,Affiliate Sales,Site Age,1,15.0,425
431,431,gustosopaladar.com,Content,Food and Drink,Amazon,Site Age,2,4.0,3500
432,432,epic7pvp.com,Content,Hobbies and Games,Ads,Site Age,1,,298
433,433,FastLoanCash.com,Content,Business,Affiliate Sales,Site Age,4,65.0,1000
434,434,24canews.com,Content,General Knowledge,Affiliate Sales,Site Age,1,40.0,400
435,435,simplyoneden.com,Content,Home and Garden,Ads,Site Age,5,1.0,598
436,436,Faspe,Content,Education,Ads,Site Age,1,241.0,8450
437,437,English Learn Online,Content,Education,Ads,Site Age,3,316.0,25600
438,438,Techies Mag,Content,Electronics,Affiliate Sales,Site Age,1,1508.0,30000
439,439,BestofPiano.com,Content,Entertainment,Affiliate Sales,Site Age,1,68.0,1000
440,440,heatpressreview.com,Content,Business,Affiliate Sales,Site Age,6,15.0,2000
441,441,BerryRipe,Content,Food and Drink,Ads,Site Age,11,209.0,9500
442,442,microphoneglobe.com,Content,Electronics,Amazon,Site Age,2,21.0,2500
443,443,yourtoxicfreemomma.com,Content,Health and Beauty,Ads,Site Age,2,,360
444,444,Compatiblegear.com,Content,Electronics,Affiliate Sales,Site Age,1,332.0,1750
445,445,Blogged Topics,Content,Internet,Ads,Site Age,10,58.0,3000
446,446,infitechs.com,Content,Internet,Ads,Site Age,4,178.0,5000
447,447,KetoDietr.com,Content,Health and Beauty,Affiliate Sales,Site Age,1,391.0,1600
448,448,Posting Bay,Ecommerce,Business,Ecommerce,Site Age,1,74.0,850
449,449,Asking2expert.com,Content,Automotive,Affiliate Sales,Site Age,1,1.0,1200
450,450,Wikiathlete.net,Content,Health and Beauty,Affiliate Sales,Site Age,1,53.0,1190
451,451,authenticityguaranteed.net,Content,Design and Style,Affiliate Sales,Site Age,1,1.0,300
452,452,Chayo Frank,Content,Business,Affiliate Sales,Site Age,1,32.0,65
453,453,Fallacy in Logic,Content,General Knowledge,Ads,Site Age,3,80.0,1500
454,454,Geeky.org,Content,Hobbies and Games,Affiliate Sales,Site Age,2,8.0,10000
455,455,tinanailsfarragut.com,Content,Health and Beauty,Ads,Site Age,2,,398
456,456,Segredos do Sonho,Content,General Knowledge,Ads,Site Age,5,1108.0,25000
457,457,Technologant,Content,General Knowledge,Ads,Site Age,1,119.0,766
458,458,Track Trace My Parcel,Content,Automotive,Ads,Site Age,1,28.0,12000
459,459,TinyHappyFaces.com,Content,Home and Garden,Affiliate Sales,Site Age,1,2.0,350
460,460,healthyarea.org,Content,Home and Garden,Adsense,Site Age,7,417.0,14500
461,461,About Happy Life,Content,Health and Beauty,Affiliate Sales,Site Age,2,100.0,4500
462,462,xRoadGPS,Content,Electronics,Affiliate Sales,Site Age,3,428.0,10000
463,463,lesgueulescassees.org,Content,Sports and Outdoor,Amazon,Site Age,2,3408.0,15000
464,464,Cryptobuyclub.com,Content,Business,Affiliate Sales,Site Age,1,87.0,1500
465,465,The Bet Adviser,Content,Internet,Affiliate Sales,Site Age,3,135.0,900
466,466,marionsyellowboard.com,Content,General Knowledge,Ads,Site Age,1,,398
467,467,CONFIDENTIAL,Content,Internet,Affiliate Sales,Site Age,9,1251.0,79950
468,468,Momalot,Content,Lifestyle,Affiliate Sales,Site Age,4,2045.0,38180
469,469,marketingdigitalquito.org,Content,Internet,Ads,Site Age,4,,398
470,470,Weird News Files,Content,Entertainment,Ads,Site Age,14,11.0,1500
471,471,toolkeeping.com,Content,Home and Garden,Affiliate Sales,Site Age,3,31.0,1800
472,472,Noisy Coffee,Content,Food and Drink,Affiliate Sales,Site Age,1,177.0,3500
473,473,stimuluscheckup.com,Content,General Knowledge,Ads,Site Age,2,2.0,800
474,474,Pets Clerk,Content,Home and Garden,Affiliate Sales,Site Age,1,18.0,199
475,475,I Can Stay Fit,Content,Health and Beauty,Affiliate Sales,Site Age,3,20.0,300
476,476,Tools Auditor,Content,Home and Garden,Affiliate Sales,Site Age,1,5.0,2400
477,477,Humidvulcan,Ecommerce,Home and Garden,Dropship,Site Age,1,142.0,500
478,478,TheBlog101.com,Content,General Knowledge,Ads,Site Age,1,114.0,7500
479,479,brandonlazovic.com,Content,Internet,Ads,Site Age,1,,698
480,480,CatfishSutton,Content,Sports and Outdoor,Affiliate Sales,Site Age,2,31.0,1200
481,481,chimneyfactory.in,Content,Home and Garden,Amazon,Site Age,2,135.0,6000
482,482,The Gadgets Info,Content,Electronics,Affiliate Sales,Site Age,1,,150
483,483,theflattaco.com,Content,Travel,Ads,Site Age,2,,398
484,484,The Uncomanor,Content,General Knowledge,Affiliate Sales,Site Age,2,1.0,105
485,485,allfamous.org,Content,Entertainment,Adsense,Site Age,2,1061.0,59000
486,486,Getflightfinder.com,Content,Business,Affiliate Sales,Site Age,1,35.0,40
487,487,isshan.net,Content,Design and Style,Ads,Site Age,2,1.0,498
488,488,customersurveyassist.com,Content,Internet,Ads,Site Age,7,152.0,1300
489,489,The Hobby Source,Content,Hobbies and Games,Affiliate Sales,Site Age,2,19.0,1500
490,490,Theholytech,Content,Electronics,Affiliate Sales,Site Age,2,104.0,6000
491,491,Just Go Greece,Content,Travel,Ads,Site Age,6,12.0,2800
492,492,rattlenhumbarnyc.com,Content,Food and Drink,Amazon,Site Age,2,765.0,12500
493,493,TrackJRS,Content,Business,Ads,Site Age,1,74.0,3150
494,494,Techinpack.com,Content,Internet,Affiliate Sales,Site Age,2,149.0,2100
495,495,technoinfoplus.com,Content,Internet,Adsense,Site Age,3,1583.0,40000
496,496,Lazy Oven,Content,Internet,Ads,Site Age,7,4.0,1500
497,497,djsbeachshack.com,Content,Sports and Outdoor,Ads,Site Age,2,,398
498,498,agernrestaurant.com,Content,Sports and Outdoor,Amazon,Site Age,2,552.0,10000
499,499,Yard Smart Blog with 69 posts (68k+ words) Adsense&Afffiliate Ready - STARTS AT $1,Content,Home and Garden,Affiliate Sales,Site Age,1,1.0,597
500,500,insanebiography.com,Content,Entertainment,Ads,Site Age,2,24.0,2500
501,501,eczemacuretoday.com,Content,Health and Beauty,Adsense,Site Age,17,207.0,2500
502,502,foosballplay.com,Content,Sports and Outdoor,Affiliate Sales,Site Age,1,5.0,650
503,503,WaterSoftenerCritic.com,Content,Home and Garden,Affiliate Sales,Site Age,8,13.0,2000
504,504,HealthyBusyBee.com,Content,Health and Beauty,Amazon,Site Age,2,465.0,5500
505,505,techreviewstudio.com,Ecommerce,Business,Clickbank,Site Age,2,725.0,14000
506,506,Allgasstoves,Content,Home and Garden,Affiliate Sales,Site Age,1,10.0,755
507,507,LuckyKenoNumbers.com,Content,Hobbies and Games,Ads,Site Age,17,6.0,65
508,508,All my friends are models,Content,Design and Style,Ads,Site Age,2,1478.0,45000
509,509,aireacondicionadototal.com,Content,Home and Garden,Affiliate Sales,Site Age,2,21.0,2500
510,510,wishmid.com,Ecommerce,Internet,Adsense,Site Age,3,559.0,15000
511,511,Brief Answer,Content,Entertainment,Ads,Site Age,1,108.0,1100
512,512,Advisor Travel Guide,Content,Travel,Ads,Site Age,10,5.0,2100
513,513,Laptop Review Guy,Content,Electronics,Ads,Site Age,1,7.0,340
514,514,Top10archives,Content,Entertainment,Ads,Site Age,1,6.0,4500
515,515,securable.co,Content,Business,Ads,Site Age,1,,498
516,516,The Global Curious,Content,Travel,Affiliate Sales,Site Age,6,18.0,7000
517,517,Rad Tech Travel,Content,Travel,Affiliate Sales,Site Age,1,5.0,500
518,518,ChefKnives.Expert,Content,Food and Drink,Affiliate Sales,Site Age,4,19.0,1000
519,519,Beforeyoubuys.com,Content,Internet,Affiliate Sales,Site Age,2,1229.0,15000
520,520,Cast Country,Content,Home and Garden,Affiliate Sales,Site Age,1,12.0,3899
521,521,usamediaview.com,Content,General Knowledge,Ads,Site Age,1,1.0,260
522,522,The Desired Desk,Content,Business,Affiliate Sales,Site Age,3,107.0,738
523,523,WirelessDogFenceGuide.com,Content,Home and Garden,Affiliate Sales,Site Age,6,21.0,2000
524,524,businesshours.co,Content,Internet,Ads,Site Age,6,152.0,1000
525,525,bagridge.com,Content,Sports and Outdoor,Amazon,Site Age,3,73.0,5000
526,526,headquarters101.com,Content,Internet,Ads,Site Age,5,152.0,1150
527,527,"A2z Daily News | Get latest news, World News, Today's News",Content,General Knowledge,Affiliate Sales,Site Age,1,23.0,160
528,528,bestmassagechairguide.com,Content,Health and Beauty,Amazon,Site Age,2,33.0,2800
529,529,Visionary Businessperson,Content,Business,Ads,Site Age,3,178.0,6500
530,530,The Finch Weekly,Content,Hobbies and Games,Ads,Site Age,5,8.0,160
531,531,login.expert,Content,Internet,Ads,Site Age,6,152.0,1250
532,532,ChairnDesk.com - Niche Site (Amazon Affiliate) 100 Contents,Content,Home and Garden,Affiliate Sales,Site Age,1,5.0,500
533,533,Winterbadass.com,Content,Sports and Outdoor,Affiliate Sales,Site Age,8,2.0,1000
534,534,yourbitcoinblog.com,Content,Business,Affiliate Sales,Site Age,1,31.0,129
535,535,expertnightvision.com,Content,Sports and Outdoor,Affiliate Sales,Site Age,4,21.0,3100
536,536,whatsappstatusline.com,Content,Entertainment,Ads,Site Age,1,400.0,499
537,537,Tivimate,Content,Entertainment,Ads,Site Age,1,637.0,8581
538,538,budgetbeautyblog.com,Content,Health and Beauty,Amazon,Site Age,2,336.0,15000
539,539,Sellartis.com,Content,Education,Affiliate Sales,Site Age,1,315.0,3333
540,540,Trampolinify,Content,Home and Garden,Affiliate Sales,Site Age,7,5.0,1500
541,541,nasilyapildiginabak.com,Content,Internet,Ads,Site Age,1,20.0,550
542,542,TennisNewsPro,Content,Sports and Outdoor,Ads,Site Age,2,138.0,3040
543,543,Car Plus Auto Blog,Content,Automotive,Ads,Site Age,10,5.0,1300
544,544,gardenem.com,Content,Home and Garden,Affiliate Sales,Site Age,1,1.0,390
545,545,Ranchochico Website for Sale in Food Niche,Content,Food and Drink,Ads,Site Age,1,1.0,50
546,546,DailyDigital.Online,Content,Electronics,Affiliate Sales,Site Age,1,2.0,149
547,547,thedailybuzz.io,Content,General Knowledge,Adsense,Site Age,2,46.0,8000
548,548,essentialpetguides.com,Content,Home and Garden,Affiliate Sales,Site Age,1,20.0,3000
549,549,Mamcook,Content,Food and Drink,Affiliate Sales,Site Age,1,4.0,450
550,550,MANGA ECLIPSE,Content,Hobbies and Games,Ads,Site Age,1,123.0,999
551,551,quiz.ilike.party,Content,Entertainment,Ads,Site Age,1,419.0,5500
552,552,Prizewarriors.com,Content,Lifestyle,Affiliate Sales,Site Age,4,244.0,3000
553,553,Flashy Info,Content,General Knowledge,Service Subscription,Site Age,1,760.0,12000
554,554,10expertreviews.com,Content,Internet,Amazon,Site Age,3,126.0,4999
555,555,Sprayer inside,Content,Automotive,Affiliate Sales,Site Age,2,778.0,8000
556,556,Live Sports Website,Content,Sports and Outdoor,Ads,Site Age,3,249.0,7000
557,557,villageautorepairct.com,Content,Automotive,Ads,Site Age,9,,398
558,558,smsbomber.online,Content,Entertainment,Adsense,Site Age,4,71.0,28000
559,559,Serv Net Tech,Content,Internet,Ads,Site Age,3,1.0,450
560,560,PrankMania.com,Content,Entertainment,Ads,Site Age,9,24.0,9000
561,561,FishingChronicle.com,Content,Sports and Outdoor,Affiliate Sales,Site Age,1,58.0,1700
562,562,homegadgetguides.com,Content,Electronics,Amazon,Site Age,3,664.0,6999
563,563,bestseekers.com,Content,Business,Affiliate Sales,Site Age,7,25.0,2000
564,564,Study Windows,Content,Education,Ads,Site Age,3,35.0,5000
565,565,TopInTravel.com & InTravel.Top,Content,Travel,Affiliate Sales,Site Age,1,788.0,700
566,566,Univation,Content,Internet,Ads,Site Age,1,4220.0,18000
567,567,WheresMyCaddie.com,Content,Sports and Outdoor,Affiliate Sales,Site Age,7,4.0,1375
568,568,customersurvey101.com,Content,Internet,Ads,Site Age,5,135.0,1000
569,569,webservicesrank.com,Content,Internet,Clickbank,Site Age,4,418.0,10000
570,570,The Health Mirror,Content,Health and Beauty,Affiliate Sales,Site Age,1,1.0,30
571,571,Sewing Fire,Content,Design and Style,Affiliate Sales,Site Age,1,2.0,400
572,572,Reitpulse.com,Content,Business,Ads,Site Age,2,2.0,1000
573,573,multi-news.gr,Content,General Knowledge,Ads,Site Age,8,1973.0,15000
574,574,AnswerCatch,Content,General Knowledge,Ads,Site Age,1,25.0,2410
575,575,Las Vegas Post,Content,Entertainment,Affiliate Sales,Site Age,2,2.0,60
576,576,Tech Like This,Content,Business,Ads,Site Age,2,545.0,1000
577,577,20news.net,Content,General Knowledge,Ads,Site Age,2,4.0,10
578,578,loucospordesconto.com.br,Content,Internet,Adsense,Site Age,12,436.0,30000
579,579,PhilippineOne,Content,Entertainment,Ads,Site Age,5,1404.0,20610
580,580,loginassistants.com,Content,Internet,Ads,Site Age,6,152.0,1250
581,581,WikiFeast.com,Content,Entertainment,Ads,Site Age,1,8.0,800
582,582,Evaogamingdev,Content,Hobbies and Games,Affiliate Sales,Site Age,1,1055.0,95
583,583,HypnoHub.com,Content,Health and Beauty,Affiliate Sales,Site Age,1,100.0,9998
584,584,realbeautyworld.com,Content,Health and Beauty,Adsense,Site Age,9,100.0,8000
585,585,Drive It,Content,Automotive,Affiliate Sales,Site Age,4,34.0,1199
586,586,GossipCrux,Content,Entertainment,Ads,Site Age,2,207.0,2093
587,587,theentrepreneurstory.com,Content,Business,Ads,Site Age,7,480.0,8000
588,588,Kreuzlinienlaser,Content,Home and Garden,Affiliate Sales,Site Age,6,593.0,16843
589,589,realgoodsoftware.com,Content,Business,Affiliate Sales,Site Age,2,22.0,2500
590,590,planilla-cnt.com,Content,Business,Affiliate Sales,Site Age,1,183.0,7813
591,591,MoneyManipulator.com,Content,Business,Affiliate Sales,Site Age,1,23.0,255
592,592,CF MODA,Content,Design and Style,Affiliate Sales,Site Age,1,1.0,1490
593,593,MyFamilyTent.com,Content,Sports and Outdoor,Affiliate Sales,Site Age,7,7.0,1125
594,594,Taxprt.com,Content,Business,Affiliate Sales,Site Age,1,61.0,225
595,595,SpinningSecurity.com,Content,Internet,Affiliate Sales,Site Age,1,1.0,1000
596,596,Healthh,Content,Health and Beauty,Ads,Site Age,12,12.0,6049
597,597,DrTechReviews,Content,Electronics,Affiliate Sales,Site Age,1,78.0,700
598,598,Gadgetsay.com,Content,Electronics,Ads,Site Age,8,18.0,1200
599,599,https://nutrition-children.com,Content,Health and Beauty,Affiliate Sales,Site Age,3,24.0,5000
600,600,downcomforterexpert.com,Content,Home and Garden,Affiliate Sales,Site Age,7,19.0,2000
601,601,breathecarolina.net,Content,Entertainment,Adsense,Site Age,2,559.0,20000
602,602,SPORTS TODAY LIVE,Content,Sports and Outdoor,Affiliate Sales,Site Age,1,,150
603,603,demicroblading.shop,Content,Health and Beauty,Affiliate Sales,Site Age,2,16.0,1300
604,604,Jyoti Kunj,Content,Business,Ads,Site Age,1,2.0,105
605,605,WhiteRosesHub,Content,Home and Garden,Ads,Site Age,1,1.0,550
606,606,dailytrends.co.in,Content,Health and Beauty,Adsense,Site Age,3,3.0,5500
607,607,getpaintball.com,Content,Sports and Outdoor,Affiliate Sales,Site Age,6,1.0,1250
608,608,SEFF OSLO,Content,Entertainment,Service Subscription,Site Age,1,375.0,25000
609,609,graziadaily.co.za,Content,General Knowledge,Ads,Site Age,1,215.0,1500
610,610,Particulier Geld Lenen,Content,Business,Affiliate Sales,Site Age,13,181.0,10879
611,611,Mediv8,Content,Health and Beauty,Ads,Site Age,5,20.0,6500
612,612,sulfato.top,Content,General Knowledge,Affiliate Sales,Site Age,1,2.0,300
613,613,BBitcoin news,Content,Business,Affiliate Sales,Site Age,1,25.0,89
614,614,thehempcbdtimes.com,Content,General Knowledge,Ads,Site Age,3,1750.0,25000
615,615,Smart Start Baby,Content,Internet,Affiliate Sales,Site Age,2,35.0,562
616,616,nuovelife.com,Content,Health and Beauty,Service Subscription,Site Age,1,50.0,2000
617,617,Massage Advisors,Content,Health and Beauty,Affiliate Sales,Site Age,2,1.0,20
618,618,bodybuildingxyz.com,Content,Health and Beauty,Ads,Site Age,1,1.0,170
619,619,Animals Are Life,Content,General Knowledge,Ads,Site Age,1,565.0,600
620,620,windows10xnews.com,Content,Electronics,Adsense,Site Age,2,200.0,10000
621,621,BlogOfTheBest.com,Content,Business,Affiliate Sales,Site Age,1,23.0,105
622,622,digwalker.com,Content,Internet,Ads,Site Age,4,27.0,5500
623,623,fintechweekly.co,Content,Business,Ads,Site Age,2,36.0,2000
624,624,attic,Content,Design and Style,Ads,Site Age,1,7.0,150
625,625,barchiving.com,Content,Food and Drink,Adsense,Site Age,4,99.0,8000
626,626,intimacyfactor.com,Content,General Knowledge,Clickbank,Site Age,3,155.0,3500
627,627,www.minercraftkingdom.com,Content,Hobbies and Games,Ads,Site Age,3,197.0,4500
628,628,Pro Football Mania,Content,Sports and Outdoor,Ads,Site Age,2,88.0,1000
629,629,autohomegadgets.com,Content,Electronics,Amazon,Site Age,4,430.0,10402
630,630,investadvisors.org,Content,Business,Adsense,Site Age,2,82.0,4000
631,631,toptrampolinestested.com,Content,Home and Garden,Affiliate Sales,Site Age,4,8.0,1000
632,632,amiqae.com,Content,Health and Beauty,Adsense,Site Age,2,52.0,4100
633,633,PoochStar,Content,Home and Garden,Ads,Site Age,2,20.0,2500
634,634,autosavvy101.com,Content,Automotive,Ads,Site Age,5,83.0,20000
635,635,NS Digital World,Content,Internet,Ads,Site Age,1,10.0,1000
636,636,The Royal Charter,Content,Entertainment,Affiliate Sales,Site Age,2,83.0,4500
637,637,howwritecv.com,Content,Business,Adsense,Site Age,5,249.0,5000
638,638,DESIGNDEV BITS,Content,Design and Style,Ads,Site Age,1,43.0,155
639,639,americanexpressconfirmcard.site,Content,Business,Adsense,Site Age,3,17.0,2000
640,640,blabboo.com,Content,Entertainment,Adsense,Site Age,2,19.0,3500
641,641,itsbanter.com,Content,Entertainment,Ads,Site Age,4,,4900
642,642,Daily Celebrity Hub | Latest Entertainment News,Content,Entertainment,Affiliate Sales,Site Age,1,33.0,400
643,643,Buytechforkids.co.uk,Content,Electronics,Affiliate Sales,Site Age,3,2.0,728
644,644,globalgarage.org,Content,Automotive,Affiliate Sales,Site Age,6,4.0,2500
645,645,7 Days to Drink Less,Content,Health and Beauty,Affiliate Sales,Site Age,1,26.0,250
646,646,terrariumtv-apk.com,Content,Entertainment,Adsense,Site Age,3,48.0,4000
647,647,bestpinch.com,Content,General Knowledge,Amazon,Site Age,2,2.0,500
648,648,https://knowledgetweak.com/,Content,General Knowledge,Ads,Site Age,2,21.0,350
649,649,infobaby.org,Content,Lifestyle,Adsense,Site Age,7,9.0,5000
650,650,piklertriangle.info,Content,Home and Garden,Adsense,Site Age,2,3.0,2500
651,651,onlinewealthvillage.com,Content,Internet,Subscription,Site Age,2,73.0,4000
652,652,todayshealthnutritionsecrets.com,Content,Health and Beauty,Affiliate Sales,Site Age,5,42.0,200
653,653,AgentMile.com + AgentTrend.com + AgentGrow.com,Content,Home and Garden,Service Subscription,Site Age,5,66.0,3870
654,654,chemwifi.com,Content,Education,Ads,Site Age,4,5.0,14999
655,655,talkingotc.com,Content,Business,Adsense,Site Age,2,1.0,3000
656,656,Tech Tastes,Content,Electronics,Affiliate Sales,Site Age,2,23.0,2500
657,657,beginner-bitcoin.com,Ecommerce,Business,Ecommerce,Site Age,2,4.0,2800
658,658,AttentionCrypto.com,Content,Internet,Affiliate Sales,Site Age,1,60.0,699
659,659,Ideal Drone Zone,Content,Electronics,Affiliate Sales,Site Age,2,,1
660,660,boosterbatterie,Content,Electronics,Affiliate Sales,Site Age,5,221.0,10000
661,661,Auto Decor Hyderabad,Content,Automotive,Affiliate Sales,Site Age,1,5.0,105
662,662,mynewsspot.com,Content,Internet,Affiliate Sales,Site Age,4,58.0,689
663,663,storiesmag.com,Content,Internet,Ads,Site Age,4,83.0,6000
664,664,stabilisateurgopro,Content,Electronics,Affiliate Sales,Site Age,6,21.0,1000
665,665,Digest Time,Content,Business,Ads,Site Age,1,171.0,592
666,666,Get Ex Back For Good,Content,Lifestyle,Affiliate Sales,Site Age,4,,797
667,667,Expertos del Ahorro,Content,Business,Affiliate Sales,Site Age,3,16.0,5000
668,668,Yuksekhome,Content,Home and Garden,Affiliate Sales,Site Age,4,22.0,2500
669,669,quotetastrophe.com,Content,Design and Style,Adsense,Site Age,2,4.0,10000
670,670,CONFIDENTIAL,Content,Health and Beauty,Adsense,Site Age,9,62.0,15000
671,671,Zenith Novels,Content,Business,Ads,Site Age,5,875.0,250
672,672,Bluetti Max Solar Power,Content,Home and Garden,Affiliate Sales,Site Age,2,63.0,890
673,673,Snug Sharks,Ecommerce,Design and Style,Dropship,Site Age,1,33.0,720
674,674,premme.us,Content,Design and Style,Adsense,Site Age,2,879.0,50000
675,675,Kisscartoon,Content,Entertainment,Ads,Site Age,1,192.0,1000
676,676,usautoauthority.com,Content,Automotive,Affiliate Sales,Site Age,5,8.0,2500
677,677,muscle-war.com,Content,Health and Beauty,Affiliate Sales,Site Age,4,42.0,1995
678,678,MechSudies,Content,Education,Ads,Site Age,1,115.0,20000
679,679,customersurvey.expert,Content,Internet,Ads,Site Age,5,152.0,1000
680,680,iresumecoverletter.com,Content,Business,Ads,Site Age,6,5.0,1500
681,681,Sports Today Live,Content,Sports and Outdoor,Affiliate Sales,Site Age,1,1.0,30
682,682,appleblog.info,Blog,Electronics,Adsense,Site Age,4,2.0,20000
683,683,Your Personal Finance Site,Content,Business,Affiliate Sales,Site Age,6,,3500
684,684,shakenmix.com,Ecommerce,Electronics,Dropship,Site Age,1,815.0,1800
685,685,ecomweekly.co,Content,General Knowledge,Ads,Site Age,2,12.0,4000
686,686,Twig Heaven,Content,Sports and Outdoor,Affiliate Sales,Site Age,7,2563.0,17000
687,687,kayakfishinguru.com - 880 ahref Ranked Keywords!,Content,Sports and Outdoor,Affiliate Sales,Site Age,1,2.0,10000
688,688,comparisonandsave.com,Content,Business,Ads,Site Age,1,1.0,1000
689,689,Jewish News Review,Content,General Knowledge,Ads,Site Age,1,1.0,8000
690,690,jobdescriptionshub.com,Content,Business,Ads,Site Age,6,5.0,1250
691,691,Manga Thrill,Content,Entertainment,Ads,Site Age,4,130.0,6000
692,692,The Simple Dad,Content,Lifestyle,Ads,Site Age,10,,1151
693,693,MylkMuscle,Content,Health and Beauty,Affiliate Sales,Site Age,1,1.0,750
694,694,Shop,Content,Business,Service Subscription,Site Age,5,1675.0,100
695,695,Okinawa Flat Belly Tonic,Content,Health and Beauty,Affiliate Sales,Site Age,1,13.0,180
696,696,scam-detectors.com,Content,Internet,Affiliate Sales,Site Age,1,197.0,1500
697,697,Rockmusicbox,Content,Entertainment,Affiliate Sales,Site Age,1,,2999
698,698,ohideas.net,Content,Design and Style,Ads,Site Age,12,480.0,10000
699,699,Fumettifilms.com,Content,Hobbies and Games,Ads,Site Age,1,50.0,1
700,700,Musafir Cuisine,Content,Food and Drink,Affiliate Sales,Site Age,1,,17000
701,701,brazilianwaxguide.com,Content,Health and Beauty,Affiliate Sales,Site Age,4,42.0,5000
702,702,xn--isral-qsa.net,Content,General Knowledge,,Site Age,3,,8000
703,703,ti-esti,Content,Education,Ads,Site Age,3,69.0,150
704,704,The Black Book,Content,Entertainment,Service Subscription,Site Age,5,8.0,200
705,705,smartrefrigerator.net,Content,Home and Garden,Affiliate Sales,Site Age,3,,50
706,706,FiveStarFlutes.com,Content,Entertainment,Affiliate Sales,Site Age,1,5.0,5
707,707,guestfriendlyhotelsthailand.com,Content,Travel,Affiliate Sales,Site Age,4,9.0,3500
