industry,net_profit_in_dollar_per_month,site_age_in_years,price_in_dollars
Entertainment,964,2,27500
Home and Garden,12,14,2000
Electronics,1183,3,29575
Internet,40786,3,1500000
Business,150,4,4590
Electronics,299,2,5050
Home and Garden,200,4,4850
Home and Garden,3188,2,145344
Electronics,142,7,2700
Health and Beauty,924,3,1100
Travel,17,2,605
Entertainment,458,3,14500
Automotive,519,21,22000
Travel,1142,4,32000
Business,686,7,26000
Education,468,3,12000
Entertainment,54,2,1600
Hobbies and Games,134,1,5050
Hobbies and Games,256,5,8850
Travel,3374,2,150000
Sports and Outdoor,116,3,2000
Entertainment,130,1,6800
General Knowledge,993,6,25000
Education,561,3,20000
General Knowledge,5823,10,200500
Lifestyle,23,2,775
Health and Beauty,8149,11,360000
Home and Garden,866,23,39999
General Knowledge,3244,4,85000
Home and Garden,1238,1,30000
Education,72,4,1000
Health and Beauty,59,10,1601
Design and Style,8184,3,195000
Hobbies and Games,292,4,13000
Sports and Outdoor,701,3,5000
Hobbies and Games,108,2,3300
Business,47,2,1300
Sports and Outdoor,160,4,5000
Health and Beauty,1361,5,26000
Home and Garden,124,13,6602
Internet,204,2,7900
Travel,2306,2,75000
Sports and Outdoor,30,2,750
Hobbies and Games,937,4,9000
Food and Drink,39,1,1000
Internet,101,2,3500
Automotive,127,4,3500
Design and Style,112,6,4400
Health and Beauty,2939,1,125000
Sports and Outdoor,20196,5,770000
Hobbies and Games,2961,4,95000
Health and Beauty,2156,4,43000
Design and Style,254,3,755
Hobbies and Games,349,5,15500
Sports and Outdoor,1860,5,51560
Hobbies and Games,1331,5,25000
Hobbies and Games,233,12,6500
Entertainment,18623,5,750000
Travel,539,5,11500
Food and Drink,492,11,4500
Electronics,1981,1,39620
Home and Garden,4667,1,85000
Sports and Outdoor,1586,6,29100
Electronics,219,2,7500
Health and Beauty,739,1,6000
Design and Style,512,10,8550
Hobbies and Games,556,7,12500
Electronics,2085,2,16900
Internet,1890,7,75000
Health and Beauty,3305,10,115000
Home and Garden,538,3,28499
Electronics,3733,3,60000
Electronics,171,1,4600
Education,40,4,1555
Design and Style,38,10,930
Travel,20,2,745
Travel,547,4,14000
Hobbies and Games,50,1,1500
General Knowledge,465,5,15000
Food and Drink,4155,9,200639
Hobbies and Games,2558,6,65000
Electronics,863,2,17500
Home and Garden,1216,6,40000
Travel,1220,11,51000
Lifestyle,2860,4,57000
Home and Garden,159,2,8500
Business,98,20,4900
Lifestyle,1121,3,40000
Travel,72,3,3150
Food and Drink,158,1,5750
Electronics,1241,13,1400
Entertainment,1082,7,7050
Sports and Outdoor,161,2,4000
Health and Beauty,203,3,8850
Electronics,1806,3,28000
Entertainment,190,8,7500
Business,266,3,13100
Lifestyle,1761,2,45000
Hobbies and Games,10446,1,380000
Entertainment,215,2,7800
Home and Garden,133,1,3500
Entertainment,845,14,18500
Home and Garden,48,1,4777
Internet,7,2,230
Design and Style,708,13,30000
Hobbies and Games,17,3,5500
Lifestyle,1070,4,9995
Home and Garden,1848,4,64695
Internet,54,15,6530
Design and Style,158,2,4050
General Knowledge,6,2,260
Home and Garden,120,12,8500
Lifestyle,1314,6,38580
Hobbies and Games,2,3,799
Sports and Outdoor,7253,2,367000
General Knowledge,1,19,505
Automotive,65,8,2100
Home and Garden,126,1,950
Sports and Outdoor,23,3,920
Electronics,18,2,1250
Internet,280,2,6500
Electronics,52,4,850
Design and Style,44,1,830
Health and Beauty,48,8,6850
Business,964,2,12000
Business,146,1,3200
Internet,635,1,16000
Health and Beauty,632,8,35000
Sports and Outdoor,226,2,5800
General Knowledge,3032,3,75000
Electronics,3117,2,100000
Sports and Outdoor,36,3,3175
Automotive,1322,6,50000
Hobbies and Games,143,3,1800
Home and Garden,10,1,1900
General Knowledge,66,7,3500
Sports and Outdoor,278,5,4500
Health and Beauty,34,1,1500
Education,164,3,9000
Electronics,2088,2,22000
Food and Drink,4292,3,180000
Lifestyle,22,14,2000
Internet,1580,4,65000
Food and Drink,188,4,12000
Lifestyle,0,7,399
Electronics,623,4,2500
Education,16618,8,694506
Health and Beauty,23,1,1299
Entertainment,2,10,699
Home and Garden,682,4,33000
Sports and Outdoor,6368,8,422633
Internet,142,8,4000
Business,12368,4,500000
Sports and Outdoor,1475,2,20645
Electronics,390,4,9000
Home and Garden,633,4,22250
General Knowledge,3,4,95
Electronics,37,1,535
Health and Beauty,1,10,800
Sports and Outdoor,95,3,6900
Travel,63,3,1700
Lifestyle,576,3,15000
Sports and Outdoor,86,8,7000
Home and Garden,2089,8,175000
Design and Style,15,12,1700
Home and Garden,205,4,12000
Internet,4,19,400
Home and Garden,748,2,7900
Health and Beauty,1296,6,15000
Lifestyle,0,9,360
Internet,451,13,20000
Entertainment,922,8,19670
Home and Garden,194,4,8400
Food and Drink,10,1,600
Education,58,3,905
Business,1659,7,63719
Education,633,9,4000
Lifestyle,26,3,900
Home and Garden,32,1,800
Home and Garden,31,1,319
Electronics,16,9,600
Home and Garden,105,1,1600
Health and Beauty,43,2,1200
Automotive,18366,7,577360
Home and Garden,190,12,4900
Business,5894,1,75000
Electronics,49,2,2100
Home and Garden,95,2,2500
Electronics,108,1,1785
Home and Garden,163,2,8500
General Knowledge,80,3,5000
Entertainment,8760,2,350000
Health and Beauty,260,6,3770
Sports and Outdoor,44,9,2000
Sports and Outdoor,82,2,1000
Lifestyle,330,2,2250
Design and Style,1,15,350
Entertainment,363,1,2000
Home and Garden,33,1,1000
Hobbies and Games,1095,2,35000
Hobbies and Games,41,3,180
Entertainment,672,3,1900
General Knowledge,9,3,2000
Business,18,9,420
Food and Drink,300,1,5500
Entertainment,51,4,2023
Education,67,5,1800
Travel,87,6,5000
Home and Garden,1,11,210
Entertainment,96,4,4500
Hobbies and Games,262,2,1050
Business,614,7,25000
Business,174,5,13000
Lifestyle,720,2,9000
Business,5,7,800
Business,41,1,255
Electronics,116,2,1800
Lifestyle,276,1,10000
Hobbies and Games,21,4,300
Hobbies and Games,72,5,1200
General Knowledge,1337,1,25000
Electronics,1540,1,1400
Health and Beauty,266,5,1500
Business,25,6,326
Home and Garden,141,5,8000
Electronics,98,3,5000
Travel,6,2,600
Sports and Outdoor,480,1,25000
Health and Beauty,1,7,398
Home and Garden,327,2,10250
Electronics,521,14,9530
Business,711,2,25000
Home and Garden,271,1,3500
Food and Drink,1,4,398
Internet,1,9,398
Home and Garden,343,2,7000
Business,2146,2,65000
Business,38,3,350
Travel,2118,2,3500
Internet,177,5,1200
Home and Garden,120,6,3300
Health and Beauty,93,1,1000
General Knowledge,188,7,4800
Home and Garden,422,3,18000
Education,1135,4,16500
Entertainment,341,1,611
Sports and Outdoor,2144,1,1250
Internet,443,7,26500
Electronics,1716,7,33000
Electronics,2957,4,66000
Entertainment,6433,1,120000
Travel,349,17,2100
Electronics,316,2,1450
Electronics,1513,2,24000
Health and Beauty,161,2,1500
Business,6,5,2700
Hobbies and Games,379,2,25000
General Knowledge,731,8,15000
Hobbies and Games,157,2,3050
Home and Garden,5,18,300
Internet,25,1,450
Entertainment,400,1,5000
Home and Garden,69,1,3800
Design and Style,59,1,205
Lifestyle,672,14,32000
Food and Drink,253,19,8200
Hobbies and Games,16,6,525
Education,51,2,900
Home and Garden,245,3,4050
Lifestyle,455,3,15000
Internet,17,1,5250
Food and Drink,2521,6,105000
Home and Garden,166,3,2200
Entertainment,4,2,30
Design and Style,148,9,249
Home and Garden,128,1,5000
Home and Garden,128,3,1200
Sports and Outdoor,39,3,770
Entertainment,287,1,4000
Internet,12,1,1100
Electronics,846,3,20000
Home and Garden,17,2,2500
Automotive,25,2,250
General Knowledge,42,1,4000
Entertainment,153,3,2799
Food and Drink,42,1,825
Entertainment,29,1,1750
Home and Garden,6016,3,249000
Automotive,1,11,600
Sports and Outdoor,144,2,500
Business,121,1,10500
Sports and Outdoor,704,3,17897
Hobbies and Games,681,1,45000
Internet,11,3,1000
Education,3636,5,400000
Health and Beauty,462,1,250
Home and Garden,29,4,5900
Home and Garden,243,1,6000
Home and Garden,6,4,250
Health and Beauty,1821,7,50000
Home and Garden,134,3,2070
Automotive,9,2,10
Business,135,3,2500
Home and Garden,5,4,400
Health and Beauty,95,5,597
Home and Garden,19,17,3000
Sports and Outdoor,415,4,4759
Hobbies and Games,1070,1,110
Automotive,1005,3,3200
Sports and Outdoor,1,3,360
General Knowledge,18,2,2152
Design and Style,9,1,200
Education,700,3,24995
Sports and Outdoor,272,2,1100
Lifestyle,9,1,3250
Lifestyle,189,4,3500
Health and Beauty,60,5,4000
Entertainment,1220,7,20000
Entertainment,99,3,1440
Travel,395,8,30000
Home and Garden,34,1,3000
General Knowledge,57,5,999
Health and Beauty,24,1,697
Home and Garden,35,1,650
Business,417,7,24500
Internet,152,7,1195
General Knowledge,317,1,5100
Electronics,1,1,799
Health and Beauty,4,1,160
Business,1,4,2499
Lifestyle,35,1,650
Entertainment,1625,3,22000
Health and Beauty,41,1,300
Food and Drink,2,1,475
Education,40,1,3101
Lifestyle,1,2,120
Business,95,11,2000
Food and Drink,0,2,398
Business,13,1,255
Sports and Outdoor,60,1,3999
Lifestyle,29,1,1500
Design and Style,12,3,199
General Knowledge,731,3,15000
Hobbies and Games,1,2,1000
Internet,272,9,107290
Health and Beauty,188,1,1650
Health and Beauty,997,3,8000
Design and Style,991,7,14044
General Knowledge,19,5,1500
Internet,281,3,13000
Health and Beauty,1,1,500
Home and Garden,528,3,4995
General Knowledge,4,5,600
Health and Beauty,52,4,250
Internet,186,1,2200
Hobbies and Games,133,1,300
Health and Beauty,13,1,505
Internet,1328,2,18000
Business,75,2,2000
Travel,1,9,500
Business,7,4,2500
Business,10,1,350
Business,19,5,6000
Business,14,4,498
Health and Beauty,121,2,8000
Design and Style,1952,1,1850
Design and Style,47,7,3000
Food and Drink,223,2,14800
Travel,404,3,14999
Home and Garden,1,1,375
Business,5,4,3250
General Knowledge,962,8,33673
Lifestyle,300,1,4960
Food and Drink,10,3,1200
General Knowledge,30,1,156
Internet,75,1,2500
Electronics,589,3,6000
Health and Beauty,607,1,550
General Knowledge,143,1,520
Business,50,8,1350
Entertainment,101,3,2700
Hobbies and Games,68,1,705
Sports and Outdoor,24,2,250
General Knowledge,16,4,300
Food and Drink,78,1,1350
Business,122,1,1500
Internet,3,8,398
Internet,110,1,55
Health and Beauty,254,5,955
Business,1278,3,34386
Sports and Outdoor,3,4,150
Electronics,42,1,350
Business,307,2,3440
General Knowledge,7,1,2500
Food and Drink,828,1,3000
Entertainment,1,1,597
Design and Style,5,3,3000
Health and Beauty,538,2,8152
Sports and Outdoor,2,1,350
Sports and Outdoor,9,1,490
Lifestyle,681,3,28000
Design and Style,18,3,1800
Hobbies and Games,105,1,5000
Lifestyle,12,6,67
General Knowledge,1122,11,8000
General Knowledge,17,4,1000
Entertainment,1,1,360
Health and Beauty,79,3,4600
Entertainment,73,5,1500
General Knowledge,1500,1,5000
Internet,18,2,25000
General Knowledge,1,2,3000
General Knowledge,571,2,106
Education,1351,4,42603
Home and Garden,17,1,500
Health and Beauty,111,1,11000
Entertainment,61,2,500
General Knowledge,25,1,7000
Lifestyle,5,1,305
Internet,333,6,9600
Education,2,18,5000
Internet,519,4,26036
Education,45,1,305
Automotive,1,5,2000
Internet,19,4,500
Business,28,1,597
Hobbies and Games,225,2,22000
Food and Drink,1,1,597
Lifestyle,7,1,7500
Automotive,16,1,110
General Knowledge,15,1,425
Food and Drink,4,2,3500
Hobbies and Games,26,1,298
Business,65,4,1000
General Knowledge,40,1,400
Home and Garden,1,5,598
Education,241,1,8450
Education,316,3,25600
Electronics,1508,1,30000
Entertainment,68,1,1000
Business,15,6,2000
Food and Drink,209,11,9500
Electronics,21,2,2500
Health and Beauty,5,2,360
Electronics,332,1,1750
Internet,58,10,3000
Internet,178,4,5000
Health and Beauty,391,1,1600
Business,74,1,850
Automotive,1,1,1200
Health and Beauty,53,1,1190
Design and Style,1,1,300
Business,32,1,65
General Knowledge,80,3,1500
Hobbies and Games,8,2,10000
Health and Beauty,10,2,398
General Knowledge,1108,5,25000
General Knowledge,119,1,766
Automotive,28,1,12000
Home and Garden,2,1,350
Home and Garden,417,7,14500
Health and Beauty,100,2,4500
Electronics,428,3,10000
Sports and Outdoor,3408,2,15000
Business,87,1,1500
Internet,135,3,900
General Knowledge,7,1,398
Internet,1251,9,79950
Lifestyle,2045,4,38180
Internet,1,4,398
Entertainment,11,14,1500
Home and Garden,31,3,1800
Food and Drink,177,1,3500
General Knowledge,2,2,800
Home and Garden,18,1,199
Health and Beauty,20,3,300
Home and Garden,5,1,2400
Home and Garden,142,1,500
General Knowledge,114,1,7500
Internet,31,1,698
Sports and Outdoor,31,2,1200
Home and Garden,135,2,6000
Electronics,2,1,150
Travel,1,2,398
General Knowledge,1,2,105
Entertainment,1061,2,59000
Business,35,1,40
Design and Style,1,2,498
Internet,152,7,1300
Hobbies and Games,19,2,1500
Electronics,104,2,6000
Travel,12,6,2800
Food and Drink,765,2,12500
Business,74,1,3150
Internet,149,2,2100
Internet,1583,3,40000
Internet,4,7,1500
Sports and Outdoor,2,2,398
Sports and Outdoor,552,2,10000
Home and Garden,1,1,597
Entertainment,24,2,2500
Health and Beauty,207,17,2500
Sports and Outdoor,5,1,650
Home and Garden,13,8,2000
Health and Beauty,465,2,5500
Business,725,2,14000
Home and Garden,10,1,755
Hobbies and Games,6,17,65
Design and Style,1478,2,45000
Home and Garden,21,2,2500
Internet,559,3,15000
Entertainment,108,1,1100
Travel,5,10,2100
Electronics,7,1,340
Entertainment,6,1,4500
Business,22,1,498
Travel,18,6,7000
Travel,5,1,500
Food and Drink,19,4,1000
Internet,1229,2,15000
Home and Garden,12,1,3899
General Knowledge,1,1,260
Business,107,3,738
Home and Garden,21,6,2000
Internet,152,6,1000
Sports and Outdoor,73,3,5000
Internet,152,5,1150
General Knowledge,23,1,160
Health and Beauty,33,2,2800
Business,178,3,6500
Hobbies and Games,8,5,160
Internet,152,6,1250
Home and Garden,5,1,500
Sports and Outdoor,2,8,1000
Business,31,1,129
Sports and Outdoor,21,4,3100
Entertainment,400,1,499
Entertainment,637,1,8581
Health and Beauty,336,2,15000
Education,315,1,3333
Home and Garden,5,7,1500
Internet,20,1,550
Sports and Outdoor,138,2,3040
Automotive,5,10,1300
Home and Garden,1,1,390
Food and Drink,1,1,50
Electronics,2,1,149
General Knowledge,46,2,8000
Home and Garden,20,1,3000
Food and Drink,4,1,450
Hobbies and Games,123,1,999
Entertainment,419,1,5500
Lifestyle,244,4,3000
General Knowledge,760,1,12000
Internet,126,3,4999
Automotive,778,2,8000
Sports and Outdoor,249,3,7000
Automotive,0,9,398
Entertainment,71,4,28000
Internet,1,3,450
Entertainment,24,9,9000
Sports and Outdoor,58,1,1700
Electronics,664,3,6999
Business,25,7,2000
Education,35,3,5000
Travel,788,1,700
Internet,4220,1,18000
Sports and Outdoor,4,7,1375
Internet,135,5,1000
Internet,418,4,10000
Health and Beauty,1,1,30
Design and Style,2,1,400
Business,2,2,1000
General Knowledge,1973,8,15000
General Knowledge,25,1,2410
Entertainment,2,2,60
Business,545,2,1000
General Knowledge,4,2,10
Internet,436,12,30000
Entertainment,1404,5,20610
Internet,152,6,1250
Entertainment,8,1,800
Hobbies and Games,1055,1,95
Health and Beauty,100,1,9998
Health and Beauty,100,9,8000
Automotive,34,4,1199
Entertainment,207,2,2093
Business,480,7,8000
Home and Garden,593,6,16843
Business,22,2,2500
Business,183,1,7813
Business,23,1,255
Design and Style,1,1,1490
Sports and Outdoor,7,7,1125
Business,61,1,225
Internet,1,1,1000
Health and Beauty,12,12,6049
Electronics,78,1,700
Electronics,18,8,1200
Health and Beauty,24,3,5000
Home and Garden,19,7,2000
Entertainment,559,2,20000
Sports and Outdoor,3,1,150
Health and Beauty,16,2,1300
Business,2,1,105
Home and Garden,1,1,550
Health and Beauty,3,3,5500
Sports and Outdoor,1,6,1250
Entertainment,375,1,25000
General Knowledge,215,1,1500
Business,181,13,10879
Health and Beauty,20,5,6500
General Knowledge,2,1,300
Business,25,1,89
General Knowledge,1750,3,25000
Internet,35,2,562
Health and Beauty,50,1,2000
Health and Beauty,1,2,20
Health and Beauty,1,1,170
General Knowledge,565,1,600
Electronics,200,2,10000
Business,23,1,105
Internet,27,4,5500
Business,36,2,2000
Design and Style,7,1,150
Food and Drink,99,4,8000
General Knowledge,155,3,3500
Hobbies and Games,197,3,4500
Sports and Outdoor,88,2,1000
Electronics,430,4,10402
Business,82,2,4000
Home and Garden,8,4,1000
Health and Beauty,52,2,4100
Home and Garden,20,2,2500
Automotive,83,5,20000
Internet,10,1,1000
Entertainment,83,2,4500
Business,249,5,5000
Design and Style,43,1,155
Business,17,3,2000
Entertainment,19,2,3500
Entertainment,59,4,4900
Entertainment,33,1,400
Electronics,2,3,728
Automotive,4,6,2500
Health and Beauty,26,1,250
Entertainment,48,3,4000
General Knowledge,2,2,500
General Knowledge,21,2,350
Lifestyle,9,7,5000
Home and Garden,3,2,2500
Internet,73,2,4000
Health and Beauty,42,5,200
Home and Garden,66,5,3870
Education,5,4,14999
Business,1,2,3000
Electronics,23,2,2500
Business,4,2,2800
Internet,60,1,699
Electronics,3,2,1
Electronics,221,5,10000
Automotive,5,1,105
Internet,58,4,689
Internet,83,4,6000
Electronics,21,6,1000
Business,171,1,592
Lifestyle,8,4,797
Business,16,3,5000
Home and Garden,22,4,2500
Design and Style,4,2,10000
Health and Beauty,62,9,15000
Business,875,5,250
Home and Garden,63,2,890
Design and Style,33,1,720
Design and Style,879,2,50000
Entertainment,192,1,1000
Automotive,8,5,2500
Health and Beauty,42,4,1995
Education,115,1,20000
Internet,152,5,1000
Business,5,6,1500
Sports and Outdoor,1,1,30
Electronics,2,4,20000
Business,56,6,3500
Electronics,815,1,1800
General Knowledge,12,2,4000
Sports and Outdoor,2563,7,17000
Sports and Outdoor,2,1,10000
Business,1,1,1000
General Knowledge,1,1,8000
Business,5,6,1250
Entertainment,130,4,6000
Lifestyle,14,10,1151
Health and Beauty,1,1,750
Business,1675,5,100
Health and Beauty,13,1,180
Internet,197,1,1500
Entertainment,52,1,2999
Design and Style,480,12,10000
Hobbies and Games,50,1,1
Food and Drink,422,1,17000
Health and Beauty,42,4,5000
General Knowledge,101,3,8000
Education,69,3,150
Entertainment,8,5,200
Home and Garden,1,3,50
Entertainment,5,1,5
Travel,9,4,3500
Travel,1,11,398
Design and Style,6,1,350
General Knowledge,31,4,50
General Knowledge,108,3,3000
Business,85,9,398
Hobbies and Games,52,2,498
Lifestyle,30,11,1000
Health and Beauty,393,3,1000
Food and Drink,6,1,500
Education,25,1,50
Health and Beauty,365,8,8000
Automotive,2,1,398
Health and Beauty,34,1,398
Internet,62,1,220
Sports and Outdoor,216,13,1499
Health and Beauty,6,4,360
Food and Drink,3,1,150
Education,27,1,3
Entertainment,22,1,350
Business,55,10,2500
Home and Garden,7,2,400
Hobbies and Games,324,1,597
Health and Beauty,127,2,8000
Health and Beauty,270,11,250
Business,129,2,598
Entertainment,19,6,20
Health and Beauty,242,15,999
Sports and Outdoor,23,5,650
Entertainment,20,21,398
Electronics,143,7,1450
Automotive,16,1,200
General Knowledge,10,2,450
Home and Garden,34,1,100
Electronics,541,3,8000
Food and Drink,9,1,350
Food and Drink,5,2,299
Entertainment,79,2,500
General Knowledge,76,3,2500
Education,30,9,348
Health and Beauty,3,1,150
Design and Style,41,1,200
Electronics,165,8,1500
Lifestyle,5,1,305
Sports and Outdoor,8,3,300
Entertainment,22,1,250
Travel,28,17,398
General Knowledge,27,2,400
Business,96,15,1499
Entertainment,16,1,200
Travel,44,1,49
Sports and Outdoor,20,3,299
Sports and Outdoor,14262,22,500000
Entertainment,20,19,398
Hobbies and Games,55,11,2000
Home and Garden,12,6,500
Entertainment,34,1,100
Education,27,2,398
Lifestyle,22,19,225
Internet,137,1,8000
Entertainment,895,23,19999
Lifestyle,149,17,1990
Food and Drink,73,2,900
Hobbies and Games,446,2,8000
Health and Beauty,13,8,55
Health and Beauty,180,5,7000
Automotive,424,15,8000
Electronics,202,14,398
Entertainment,34,1,100
Health and Beauty,108,21,4999
Business,79,14,398
Lifestyle,15,11,135
Electronics,9,7,299
Home and Garden,37,5,101
Home and Garden,17,1,200
Home and Garden,44,3,1000
Sports and Outdoor,40,12,600
Internet,8,3,348
Health and Beauty,5,4,399
Health and Beauty,4,1,6
Hobbies and Games,770,1,5
Health and Beauty,106,20,5500
Home and Garden,142,1,1100
Education,26,1,350
Home and Garden,3,1,597
Internet,5,10,350
Internet,41,1,300
Home and Garden,6,1,18
Travel,38,4,598
Business,28,2,50
General Knowledge,124,1,499
Health and Beauty,3,1,150
Business,158,23,1999
Internet,569,2,8000
Home and Garden,12,1,150
Hobbies and Games,15,4,398
Lifestyle,12,1,105
Business,178,5,398
Health and Beauty,253,22,999
Hobbies and Games,71,1,498
Hobbies and Games,62,1,1500
Lifestyle,13,14,398
Hobbies and Games,813,1,130
Home and Garden,34,1,100
Sports and Outdoor,237,4,5000
Health and Beauty,35,1,260
General Knowledge,6,1,58
Entertainment,22,1,250
Travel,219,14,1000
Home and Garden,3,4,398
Sports and Outdoor,18,9,1000
Hobbies and Games,71,1,398
Home and Garden,185,2,8000
Internet,41,3,250
Business,36,1,2501
Business,89,5,798
General Knowledge,31,4,50
Sports and Outdoor,31,5,1750
Home and Garden,3,9,299
Internet,111,6,5000
Lifestyle,529,2,25
Business,50,1,99
Sports and Outdoor,9,6,1350
Travel,105,2,1000
Sports and Outdoor,11,8,1250
Design and Style,37,2,225
General Knowledge,22,1,200
Travel,222,4,700
Education,35,3,33
Entertainment,25,1,330
Health and Beauty,14,1,82
Entertainment,66,3,598
Sports and Outdoor,13,6,1500
Internet,99,1,4000
Sports and Outdoor,13,6,1500
Health and Beauty,17,3,150
Travel,55,1,98
Home and Garden,334,1,8000
Home and Garden,19,1,210
Sports and Outdoor,14,8,1000
Food and Drink,57,5,2000
Sports and Outdoor,14,8,1000
Food and Drink,8,1,125
Home and Garden,17,9,1250
Travel,12,2,155
Travel,1,2,398
Home and Garden,5,1,40
Lifestyle,4,1,39
General Knowledge,6,6,398
Entertainment,73,1,110
Health and Beauty,290,2,6000
Entertainment,76,2,1000
Business,18,4,398
Internet,49,2,229
Business,119,6,398
Home and Garden,5,1,398
Sports and Outdoor,28,5,1250
Internet,317,11,600
Home and Garden,5,2,5
Hobbies and Games,193,10,6000
Business,50,1,100
Business,405,5,8000
Travel,43,4,2900
Home and Garden,1,1,375
Entertainment,22,1,250
Home and Garden,35,1,590
Entertainment,20,2,398
Health and Beauty,179,1,987
Home and Garden,6,1,400
Food and Drink,13,10,105
Health and Beauty,60,2,145
Health and Beauty,20,6,450
Food and Drink,8,1,125
General Knowledge,7,1,399
Business,38,2,525
Internet,27,2,400
Internet,60,3,550
Lifestyle,8,1,120
Sports and Outdoor,13,7,1000
Food and Drink,3,1,150
Automotive,13,14,398
Hobbies and Games,72,1,500
Business,22,1,500
General Knowledge,754,2,5000
Health and Beauty,95,10,2500
Education,39,1,50
Sports and Outdoor,4,1,55
Electronics,28,1,200
Lifestyle,178,2,5495
General Knowledge,23,1,2500
Health and Beauty,30,1,99
Hobbies and Games,290,4,100
Electronics,4,1,25
Lifestyle,2,1,398
Internet,69,1,12
Education,26,10,398
Internet,116,6,3500
General Knowledge,35,4,150
General Knowledge,758,1,5995
Sports and Outdoor,177,1,1100
Internet,1,3,398
Home and Garden,35,5,1000
Travel,50,1,101
Electronics,8,7,398
Travel,165,4,5000
Hobbies and Games,71,1,498
Business,36,1,129
Entertainment,38,6,1000
Health and Beauty,0,7,398
Home and Garden,79,1,599
Business,42,1,169
Electronics,11,1,398
Food and Drink,33,1,100
Food and Drink,0,7,398
Entertainment,574,2,7999
Food and Drink,1,3,398
Hobbies and Games,496,1,300
Health and Beauty,31,1,95
Health and Beauty,41,10,100
Travel,903,2,8000
Travel,55,5,1250
Health and Beauty,31,1,95
Design and Style,10,3,1
Entertainment,93,1,106
Electronics,16,4,1
Business,21,3,398
Health and Beauty,172,9,4995
Education,151,2,600
Food and Drink,45,1,800
Entertainment,443,8,8000
Health and Beauty,1393,19,50000
Business,31,1,39
Home and Garden,7,1,1
Entertainment,416,4,8000
Home and Garden,27,1,2790
Sports and Outdoor,60,1,109
Home and Garden,9,7,350
Travel,50,1,101
General Knowledge,155,1,100
Internet,59,1,160
Lifestyle,105,2,4500
Entertainment,9,1,129
Home and Garden,1,1,380
Food and Drink,0,2,398
Design and Style,431,13,8000
Food and Drink,2,1,398
Home and Garden,39,4,1250
General Knowledge,196,1,105
Travel,50,1,101
Business,18,1,398
Health and Beauty,2,9,398
Food and Drink,33,1,100
Sports and Outdoor,39,1,1299
Design and Style,53,11,3000
Lifestyle,12,8,500
Entertainment,19,7,10
Electronics,2,2,50
Business,36,1,130
Food and Drink,0,4,398
General Knowledge,110,2,1050
Internet,375,5,8000
Internet,56,1,150
Business,55,2,200
Lifestyle,29,2,600
Business,10,4,448
Entertainment,574,2,8000
Business,26,6,1350
Food and Drink,4,3,50
Health and Beauty,79,5,250
Home and Garden,39,4,1250
General Knowledge,488,1,4000
Internet,3,6,398
Food and Drink,61,1,109
Electronics,122,6,1250
Lifestyle,35,1,500
Sports and Outdoor,31,2,800
Travel,47,1,120
Travel,68,1,500
Hobbies and Games,132,11,700
Home and Garden,307,4,7999
Automotive,16,7,1000
Travel,50,1,101
Travel,42,1,398
Hobbies and Games,75,1,350
Business,50,1,99
Food and Drink,20,1,250
Automotive,52,2,1000
Sports and Outdoor,0,4,398
Food and Drink,14,4,299
Travel,44,1,50
Automotive,20,1,250
General Knowledge,34,1,500
Entertainment,9,1,127
Electronics,23,1,300
Home and Garden,29,1,500
Health and Beauty,23,7,175
Internet,62,1,129
Internet,300,8,8000
Entertainment,37,7,100
Internet,163,1,2000
Internet,46,2,179
Education,157,3,1111
Entertainment,137,4,2000
Internet,57,1,250
Health and Beauty,10,1,500
Electronics,32,1,99
Home and Garden,436,1,86
Internet,62,1,127
Lifestyle,104,1,2500
Sports and Outdoor,3,1,40
Business,31,1,10
Sports and Outdoor,40,4,1499
Entertainment,129,3,1399
Entertainment,320,4,7500
Health and Beauty,4,1,1
Home and Garden,8,1,130
Internet,43,11,5
General Knowledge,159,1,110
Internet,60,1,200
General Knowledge,159,1,109
Business,36,1,85
Health and Beauty,120,2,1995
Health and Beauty,5,1,127
Sports and Outdoor,20,3,200
Health and Beauty,4,1,130
Sports and Outdoor,64,5,500
Food and Drink,33,1,95
Lifestyle,7,1,130
Business,67,1,115
Business,175,1,7500
Sports and Outdoor,12,1,320
Lifestyle,8,1,127
Home and Garden,9,1,129
Business,50,1,100
General Knowledge,114,1,127
Education,27,2,398
Internet,42,2,150
Business,313,4,250
Food and Drink,22,1,498
Food and Drink,17,1,90
Travel,55,1,97
Sports and Outdoor,23,1,119
Internet,43,1,900
Sports and Outdoor,7,1,129
Sports and Outdoor,16,1,85
Lifestyle,19,4,600
Food and Drink,33,1,100
Lifestyle,165,2,1999
General Knowledge,62,1,100
Entertainment,125,1,505
Education,40,2,1
Home and Garden,18,1,85
Sports and Outdoor,61,1,1000
General Knowledge,62,1,99
Hobbies and Games,71,1,598
Business,50,1,100
General Knowledge,114,1,120
Food and Drink,284,8,799
Food and Drink,33,1,100
Health and Beauty,8,1,399
General Knowledge,16,1,138
Hobbies and Games,892,1,90
Home and Garden,3,2,147
Lifestyle,19,1,250
Business,67,1,115
General Knowledge,62,1,100
Food and Drink,7,1,129
Business,32,1,50
Business,50,1,99
Food and Drink,24,1,119
Sports and Outdoor,3,1,150
Health and Beauty,14,1,85
Sports and Outdoor,60,1,109
Business,36,1,149
Internet,62,1,127
Entertainment,33,2,100
Food and Drink,206,2,4999
Sports and Outdoor,238,1,6000
Home and Garden,34,1,100
Internet,39,1,75
Internet,56,1,150
Food and Drink,33,1,95
Business,31,1,10
Travel,321,1,799
Hobbies and Games,802,1,135
Sports and Outdoor,32,1,99
Home and Garden,9,1,120
Business,36,1,127
Entertainment,6,1,59
Business,36,1,85
Health and Beauty,10,1,500
Food and Drink,24,1,118
Business,36,1,129
Business,67,1,109
Business,30,1,70
Business,13,1,255
Home and Garden,6,1,55
Sports and Outdoor,16,1,85
Business,36,1,85
General Knowledge,125,1,119
Lifestyle,8,1,127
Sports and Outdoor,23,1,118
Internet,73,1,104
Health and Beauty,5,1,129
Entertainment,65,2,2800
Business,50,1,100
General Knowledge,57,2,1199
Business,31,1,1
Health and Beauty,2,1,36
Automotive,61,1,1500
Business,36,1,127
Business,129,2,1000
Electronics,32,1,100
Business,50,1,99
Entertainment,64,1,1300
Internet,80,2,100
Internet,60,1,200
Health and Beauty,47,1,110
Hobbies and Games,930,1,110
Health and Beauty,4,1,1
General Knowledge,6,1,16
Business,67,1,109
General Knowledge,6,1,25
Hobbies and Games,71,1,398
Business,21,3,398
Hobbies and Games,886,1,118
Home and Garden,6,1,149
Hobbies and Games,823,1,129
Health and Beauty,9,1,105
Lifestyle,55,1,115
Health and Beauty,34,1,398
Health and Beauty,17,2,280
General Knowledge,7,1,1
Travel,50,1,105
General Knowledge,15,5,2500
Sports and Outdoor,9,1,280
Lifestyle,6,1,75
Internet,57,1,250
Home and Garden,34,1,95
Education,40,2,1
Internet,141,3,1999
Hobbies and Games,28,3,398
Electronics,6,1,120
Sports and Outdoor,23,1,118
Business,36,1,129
Lifestyle,7,1,129
Business,30,1,70
Travel,43,1,147
Business,147,1,5000
Automotive,3,1,150
Business,36,1,129
Automotive,13,1,320
Home and Garden,18,1,89
Food and Drink,13,1,320
General Knowledge,7,1,1
Food and Drink,7,1,129
Business,51,1,95
Food and Drink,7,1,129
Electronics,26,6,750
Health and Beauty,5,4,398
Electronics,32,1,99
Entertainment,152,2,2000
Hobbies and Games,52,2,398
Travel,55,1,99
Travel,55,1,85
Lifestyle,4,1,300
Education,47,1,150
Travel,54,1,197
Home and Garden,9,1,129
Electronics,6,1,127
Sports and Outdoor,7,1,120
Business,14,1,320
Entertainment,17,1,89
Health and Beauty,21,1,117
Health and Beauty,9,1,105
Hobbies and Games,409,1,505
Hobbies and Games,15,4,360
Health and Beauty,30,1,99
Health and Beauty,3,1,50
Business,11,1,399
Travel,303,1,1000
Home and Garden,34,1,100
Food and Drink,16,1,200
Health and Beauty,46,1,219
General Knowledge,62,1,100
Lifestyle,34,1,95
Hobbies and Games,52,2,398
Health and Beauty,357,1,8000
Home and Garden,21,1,230
Travel,43,1,147
Sports and Outdoor,7,1,127
Health and Beauty,30,1,100
Internet,69,1,75
Home and Garden,34,1,99
Automotive,8,1,127
Food and Drink,23,1,230
Travel,47,1,127
Lifestyle,11,1,320
Internet,94,1,99
Internet,62,1,233
Entertainment,7,2,1
Home and Garden,5,1,50
Health and Beauty,19,1,200
Automotive,8,1,127
Lifestyle,5,1,50
Food and Drink,0,2,398
Sports and Outdoor,5,1,75
Automotive,17,1,89
Health and Beauty,9,1,400
Lifestyle,14,1,175
Food and Drink,43,14,50
Travel,54,1,200
Design and Style,35,1,99
Business,50,1,100
Business,36,1,120
Education,53,2,100
Business,187,1,6551
Lifestyle,33,1,99
Business,31,1,1
Lifestyle,6,1,1
Travel,330,1,990
Electronics,11,1,398
Health and Beauty,211,1,8000
Health and Beauty,9,1,105
Home and Garden,6,1,60
Sports and Outdoor,32,1,99
Internet,134,1,106
Home and Garden,32,1,800
Lifestyle,10,1,169
Food and Drink,17,1,89
Travel,45,1,10
Home and Garden,17,1,197
Internet,98,1,2497
Health and Beauty,28,1,210
Home and Garden,19,1,250
Entertainment,119,16,533
Health and Beauty,3,1,50
Home and Garden,9,1,127
Home and Garden,7,1,1
Health and Beauty,46,1,219
Health and Beauty,4,1,10
Health and Beauty,526,2,7999
General Knowledge,62,1,99
Food and Drink,7,1,129
Business,36,1,127
Food and Drink,0,2,398
Lifestyle,8,1,127
Design and Style,19,5,500
Education,40,1,60
Sports and Outdoor,16,1,85
Travel,42,1,398
Food and Drink,0,2,398
Education,42,1,1
Food and Drink,4,1,138
Entertainment,22,1,398
Sports and Outdoor,34,1,117
Business,36,1,129
Home and Garden,80,2,115
Lifestyle,86,1,950
Internet,57,1,250
Education,61,1,125
Automotive,6,1,300
Health and Beauty,18,1,199
Hobbies and Games,153,1,1
Health and Beauty,47,1,225
Health and Beauty,4,1,1
Electronics,32,1,99
Health and Beauty,8,1,375
Health and Beauty,18,1,199
Travel,45,1,280
Travel,1,2,398
Business,36,1,85
Food and Drink,6,1,1
Business,36,1,127
Education,216,1,250
Home and Garden,36,1,117
Health and Beauty,46,1,220
Health and Beauty,31,1,95
Health and Beauty,172,2,1000
Food and Drink,5,1,75
Design and Style,3,2,398
Health and Beauty,21,1,118
Design and Style,18,1,1
Health and Beauty,4,1,1
Health and Beauty,15,1,89
Travel,47,1,127
Health and Beauty,18,1,199
Food and Drink,30,1,190
Travel,46,1,129
Design and Style,15,1,2500
Travel,43,1,149
Home and Garden,26,1,118
General Knowledge,159,1,109
Design and Style,63,1,109
Food and Drink,33,1,99
Food and Drink,6,1,5
Lifestyle,17,1,85
Design and Style,3,2,398
Entertainment,34,1,99
Home and Garden,36,1,117
General Knowledge,341,5,7900
Hobbies and Games,111,1,250
Lifestyle,15,1,199
Food and Drink,33,1,99
Health and Beauty,30,1,99
Design and Style,129,8,4000
Home and Garden,88,1,700
Lifestyle,15,1,200
Home and Garden,9,1,127
Home and Garden,32,1,800
Health and Beauty,3,1,148
Home and Garden,12,1,169
Design and Style,132,5,4688
Education,220,3,1800
Lifestyle,633,2,8000
Health and Beauty,6,1,158
General Knowledge,62,1,100
Automotive,5,1,350
Travel,53,1,179
Business,50,1,99
Health and Beauty,30,1,99
Travel,46,1,299
Electronics,150,1,4000
Hobbies and Games,299,1,100
Lifestyle,164,2,5000
Hobbies and Games,854,1,127
Health and Beauty,275,2,5500
Lifestyle,191,2,2500
Sports and Outdoor,79,1,110
Travel,43,1,150
Business,11,1,399
Sports and Outdoor,60,1,109
Business,323,2,4000
Sports and Outdoor,19,2,89
Lifestyle,17,2,599
Entertainment,177,1,4000
Health and Beauty,188,6,1250
Business,364,2,10000
Health and Beauty,46,1,220
Entertainment,18,5,1
Health and Beauty,18,1,199
Business,31,1,1
Business,67,1,115
Design and Style,18,1,1
Internet,34,1,1000
Health and Beauty,11,1,350
Sports and Outdoor,5,1,75
Food and Drink,4,1,140
General Knowledge,34,1,500
Food and Drink,33,1,99
Business,36,1,85
Health and Beauty,18,1,197
Internet,113,1,109
Internet,62,1,549
Internet,80,2,99
Business,36,1,127
Health and Beauty,140,2,1500
Sports and Outdoor,32,1,100
Business,50,1,99
Sports and Outdoor,64,5,500
Health and Beauty,30,1,99
Sports and Outdoor,32,3,100
Health and Beauty,626,2,20000
Electronics,2,2,59
Sports and Outdoor,32,1,99
Internet,25,3,500
Electronics,32,1,99
Health and Beauty,3,1,65
Home and Garden,15,2,89
Food and Drink,227,1,5000
Travel,47,1,127
Lifestyle,4,1,299
Business,38,1,249
Internet,62,1,127
Lifestyle,15,1,197
Business,37,1,135
Food and Drink,4,1,149
Travel,57,1,498
Health and Beauty,369,6,8000
Business,119,2,5000
Food and Drink,30,1,200
Business,56,1,559
Travel,43,1,147
Home and Garden,6,1,500
Health and Beauty,19,5,400
Health and Beauty,3,1,60
Internet,79,1,90
Entertainment,25,1,200
Health and Beauty,2,1,140
Business,36,1,149
Business,50,1,98
Internet,113,1,109
Entertainment,16,1,197
Entertainment,17,1,130
Food and Drink,30,6,1000
Home and Garden,17,1,197
Home and Garden,15,2,89
Hobbies and Games,930,1,109
Health and Beauty,46,1,219
Food and Drink,102,2,1500
Internet,57,1,250
Entertainment,49,2,2500
Business,55,3,5000
Health and Beauty,3,1,150
Food and Drink,3,2,59
Internet,56,1,150
Home and Garden,15,2,89
Business,60,1,219
Home and Garden,14,1,450
Food and Drink,20,1,210
Design and Style,95,1,995
Home and Garden,16,1,599
Education,223,2,1800
General Knowledge,48,2,89
General Knowledge,76,3,2500
Entertainment,445,1,8000
Business,26,2,75
Health and Beauty,3,2,75
Sports and Outdoor,20,2,399
Sports and Outdoor,47,1,3000
Sports and Outdoor,98,1,1940
Food and Drink,4,2,70
Travel,1013,2,5000
Home and Garden,37,2,2499
General Knowledge,159,1,109
Health and Beauty,4,1,1
Entertainment,18,1,259
Lifestyle,19,1,209
Food and Drink,296,5,3000
Electronics,388,4,2500
Lifestyle,7,1,10
Home and Garden,34,1,99
Health and Beauty,253,3,6000
Business,17,4,400
Internet,113,1,109
Sports and Outdoor,32,1,99
General Knowledge,62,1,99
Health and Beauty,471,3,8000
Travel,58,1,249
Health and Beauty,132,1,2000
General Knowledge,161,1,550
Health and Beauty,5,1,128
Electronics,1,2,150
Food and Drink,4,2,70
Electronics,22,2,300
Health and Beauty,21,2,750
Health and Beauty,51,1,1200
Entertainment,204,3,3400
Automotive,634,3,15000
Business,119,2,5000
Lifestyle,69,1,547
Sports and Outdoor,162,5,7000
Business,119,2,3999
General Knowledge,76,3,2500
Hobbies and Games,71,1,398
Internet,391,4,8000
Home and Garden,32,1,800
Health and Beauty,187,7,1500
Food and Drink,3,1,150
Health and Beauty,30,1,99
Health and Beauty,132,1,2000
Business,60,1,219
Lifestyle,32,5,850
Sports and Outdoor,20,3,200
Design and Style,247,1,8000
Sports and Outdoor,88,4,550
Entertainment,63,3,600
Business,31,1,5
General Knowledge,342,1,8000
Lifestyle,61,1,109
Home and Garden,15,2,89
General Knowledge,55,4,3000
Education,234,4,250
Health and Beauty,31,2,99
Home and Garden,34,2,3000
Health and Beauty,79,3,195
Internet,114,1,700
Business,73,3,499
Travel,221,2,3000
Internet,68,1,25
Health and Beauty,244,2,1600
Business,19,1,400
Business,41,1,1
Internet,54,2,69
Lifestyle,4,1,40
Health and Beauty,19,1,200
Internet,18,1,289
Business,97,3,1900
Home and Garden,5,1,40
Health and Beauty,5,2,1
Travel,50,1,149
Travel,61,2,499
General Knowledge,76,3,2500
Internet,62,1,550
Lifestyle,361,2,7500
Education,26,1,20
Health and Beauty,314,1,7000
Travel,55,1,100
Health and Beauty,3,2,70
Health and Beauty,94,1,199
Health and Beauty,105,1,2500
General Knowledge,25,2,2410
Business,122,1,4000
Business,85,2,1500
Internet,642,4,20000
Lifestyle,99,2,700
Lifestyle,95,1,700
Internet,1073,2,35000
Food and Drink,2446,2,60000
Entertainment,290,1,7425
Health and Beauty,8,1,390
Lifestyle,65,2,1000
Travel,46,1,295
Travel,55,1,99
Sports and Outdoor,11,1,1
Lifestyle,33,1,100
Health and Beauty,140,2,1500
Sports and Outdoor,61,1,1000
Entertainment,897,2,20000
Food and Drink,222,2,7000
Business,57,1,239
Lifestyle,172,2,3000
Home and Garden,39,2,2500
Health and Beauty,172,2,1000
Health and Beauty,526,2,8000
General Knowledge,520,1,7000
Internet,38,1,200
Food and Drink,105,4,2500
Design and Style,16,1,50
Sports and Outdoor,3,1,30
Sports and Outdoor,273,3,6000
Food and Drink,33,1,99
Lifestyle,159,1,2900
Health and Beauty,357,1,8000
Business,594,2,8000
General Knowledge,636,2,6000
Entertainment,54,4,1250
General Knowledge,178,3,4000
Internet,44,5,175
Travel,90,2,2500
General Knowledge,30,2,2850
Education,275,3,3500
Design and Style,16,7,1
Lifestyle,156,1,3000
Internet,151,2,5000
Entertainment,18,3,200
Education,35,2,350
Business,31,1,1
Lifestyle,924,3,30000
Entertainment,50,1,2500
Design and Style,15,1,2500
Internet,57,1,250
Lifestyle,162,1,2500
Entertainment,215,2,5000
General Knowledge,13,1,350
Lifestyle,142,3,5000
Sports and Outdoor,26,4,1200
Business,594,2,8000
Health and Beauty,10,1,179
General Knowledge,163,1,700
Internet,60,1,200
Education,106,3,3000
Hobbies and Games,181,3,50
Education,597,4,19999
Lifestyle,33,1,100
Education,57,4,1000
Business,119,2,5000
Lifestyle,4,1,300
Education,64,2,1000
Business,594,2,8000
Electronics,24,3,350
General Knowledge,488,1,4000
Health and Beauty,39,1,289
Lifestyle,16,2,200
Food and Drink,92,3,1500
Travel,15,2,200
Education,229,2,7800
General Knowledge,65,2,1000
Sports and Outdoor,482,3,7999
Food and Drink,218,6,10000
Education,108,2,650
Hobbies and Games,499,2,25000
Health and Beauty,526,2,8000
Electronics,12,1,1
Internet,201,2,6500
Home and Garden,14,2,500
Home and Garden,7,1,1
General Knowledge,1069,2,15000
Internet,100,1,4099
Home and Garden,193,2,5000
Internet,66,4,750
Health and Beauty,172,2,1000
Electronics,41,1,500
Education,604,3,28000
Internet,354,3,10000
Internet,163,1,1999
General Knowledge,204,1,250
Home and Garden,100,1,4000
Sports and Outdoor,365,2,7700
General Knowledge,20,3,250
